Column1,Column2,time_period,temperature_change
50e centile/50th percentile,RCP2.6,Column3,
,2016-2035,Column3,2046-2065
Canada/Canada,-1.00,Column3,-1.44
Alberta/Alberta,-1.31,Column3,-1.85
Colombie-Britannique/British Columbia,-4.14,Column3,-6.13
Manitoba/Manitoba,-0.93,Column3,-1.04
Nouveau-Brunswick/New Brunswick,-0.80,Column3,-2.15
Terre-Neuve-et-Labrador/Newfoundland & Labrador,-2.21,Column3,-3.20
Territoires du Nord-Ouest/Northwest Territories,-0.69,Column3,-0.44
Nouvelle-Écosse/Nova Scotia,-0.19,Column3,-0.36
Nunavut/Nunavut,-1.46,Column3,-2.38
Ontario/Ontario,-1.25,Column3,-1.84
Île-du-Prince-Édouard/Prince Edward Island,-0.41,Column3,-0.77
Québec/Quebec,-1.60,Column3,-2.36
Saskatchewan/Saskatchewan,-0.92,Column3,-1.19
Yukon/Yukon Territory,-2.44,Column3,-2.75
25e centile/25th percentile,RCP2.6,Column3,
,2016-2035,Column3,2046-2065
Canada/Canada,-1.99,Column3,-3.54
Alberta/Alberta,-1.31,Column3,-1.79
Colombie-Britannique/British Columbia,-4.65,Column3,-6.75
Manitoba/Manitoba,-1.22,Column3,-1.59
Nouveau-Brunswick/New Brunswick,-1.12,Column3,-1.83
Terre-Neuve-et-Labrador/Newfoundland & Labrador,-2.44,Column3,-3.56
Territoires du Nord-Ouest/Northwest Territories,-1.44,Column3,-1.86
Nouvelle-Écosse/Nova Scotia,-0.16,Column3,-0.38
Nunavut/Nunavut,-4.45,Column3,-8.23
Ontario/Ontario,-1.24,Column3,-1.87
Île-du-Prince-Édouard/Prince Edward Island,-0.39,Column3,-0.82
Québec/Quebec,-1.95,Column3,-2.78
Saskatchewan/Saskatchewan,-1.01,Column3,-1.42
Yukon/Yukon Territory,-3.77,Column3,-5.22
75e centile/75th percentile,RCP2.6,Column3,
,2016-2035,Column3,2046-2065
Canada/Canada,-0.02,Column3,-0.07
Alberta/Alberta,-0.36,Column3,-0.47
Colombie-Britannique/British Columbia,-1.27,Column3,-1.74
Manitoba/Manitoba,-0.18,Column3,-0.11
Nouveau-Brunswick/New Brunswick,-0.10,Column3,-0.40
Terre-Neuve-et-Labrador/Newfoundland & Labrador,-0.55,Column3,-0.70
Territoires du Nord-Ouest/Northwest Territories,0.05,Column3,0.18
Nouvelle-Écosse/Nova Scotia,0.00,Column3,-0.02
Nunavut/Nunavut,0.42,Column3,0.29
Ontario/Ontario,-0.26,Column3,-0.38
Île-du-Prince-Édouard/Prince Edward Island,-0.03,Column3,-0.07
Québec/Quebec,-0.28,Column3,-0.47
Saskatchewan/Saskatchewan,-0.24,Column3,-0.25
Yukon/Yukon Territory,-0.60,Column3,-0.36
50e centile/50th percentile,RCP2.6,Column3,
,2016-2035,Column3,2046-2065
Canada/Canada,-1.20,Column3,-1.70
Alberta/Alberta,-2.10,Column3,-3.50
Colombie-Britannique/British Columbia,-6.20,Column3,-10.00
Manitoba/Manitoba,-1.10,Column3,-1.50
Nouveau-Brunswick/New Brunswick,-1.70,Column3,-4.20
Terre-Neuve-et-Labrador/Newfoundland & Labrador,-3.60,Column3,-5.40
Territoires du Nord-Ouest/Northwest Territories,-0.40,Column3,0.30
Nouvelle-Écosse/Nova Scotia,-0.60,Column3,-1.10
Nunavut/Nunavut,-0.90,Column3,-1.60
Ontario/Ontario,-2.10,Column3,-3.20
Île-du-Prince-Édouard/Prince Edward Island,-1.20,Column3,-2.20
Québec/Quebec,-2.30,Column3,-3.60
Saskatchewan/Saskatchewan,-1.40,Column3,-2.10
Yukon/Yukon Territory,-2.80,Column3,-3.00
25e centile/25th percentile,RCP2.6,Column3,
,2016-2035,Column3,2046-2065
Canada/Canada,-3.00,Column3,-4.70
Alberta/Alberta,-4.70,Column3,-6.30
Colombie-Britannique/British Columbia,-10.10,Column3,-15.80
Manitoba/Manitoba,-2.90,Column3,-4.10
Nouveau-Brunswick/New Brunswick,-2.90,Column3,-5.90
Terre-Neuve-et-Labrador/Newfoundland & Labrador,-6.00,Column3,-8.60
Territoires du Nord-Ouest/Northwest Territories,-1.70,Column3,-1.70
Nouvelle-Écosse/Nova Scotia,-1.10,Column3,-1.80
Nunavut/Nunavut,-4.50,Column3,-7.90
Ontario/Ontario,-3.50,Column3,-5.80
Île-du-Prince-Édouard/Prince Edward Island,-2.40,Column3,-3.10
Québec/Quebec,-4.10,Column3,-6.60
Saskatchewan/Saskatchewan,-3.40,Column3,-4.40
Yukon/Yukon Territory,-5.70,Column3,-6.60
75e centile/75th percentile,RCP2.6,Column3,
,2016-2035,Column3,2046-2065
Canada/Canada,0.20,Column3,0.00
Alberta/Alberta,-0.50,Column3,-1.40
Colombie-Britannique/British Columbia,-3.20,Column3,-4.90
Manitoba/Manitoba,0.10,Column3,0.20
Nouveau-Brunswick/New Brunswick,0.20,Column3,-2.80
Terre-Neuve-et-Labrador/Newfoundland & Labrador,-1.20,Column3,-2.30
Territoires du Nord-Ouest/Northwest Territories,1.10,Column3,1.80
Nouvelle-Écosse/Nova Scotia,0.00,Column3,-0.60
Nunavut/Nunavut,1.80,Column3,2.00
Ontario/Ontario,-0.40,Column3,-1.20
Île-du-Prince-Édouard/Prince Edward Island,-0.50,Column3,-1.30
Québec/Quebec,-0.50,Column3,-1.00
Saskatchewan/Saskatchewan,-0.10,Column3,-0.60
Yukon/Yukon Territory,0.30,Column3,0.30
50e centile/50th percentile,RCP2.6,Column3,
,2016-2035,Column3,2046-2065
Canada/Canada,-1.38,Column3,-1.78
Alberta/Alberta,-2.69,Column3,-3.40
Colombie-Britannique/British Columbia,-8.87,Column3,-12.39
Manitoba/Manitoba,-2.11,Column3,-1.91
Nouveau-Brunswick/New Brunswick,-1.34,Column3,-4.11
Terre-Neuve-et-Labrador/Newfoundland & Labrador,-4.64,Column3,-6.43
Territoires du Nord-Ouest/Northwest Territories,-1.62,Column3,-0.85
Nouvelle-Écosse/Nova Scotia,-0.10,Column3,-0.31
Nunavut/Nunavut,-0.98,Column3,-1.48
Ontario/Ontario,-2.43,Column3,-3.43
Île-du-Prince-Édouard/Prince Edward Island,-0.38,Column3,-0.84
Québec/Quebec,-3.24,Column3,-4.66
Saskatchewan/Saskatchewan,-1.85,Column3,-2.00
Yukon/Yukon Territory,-4.95,Column3,-4.73
25e centile/25th percentile,RCP2.6,Column3,
,2016-2035,Column3,2046-2065
Canada/Canada,-3.41,Column3,-5.04
Alberta/Alberta,-4.51,Column3,-5.99
Colombie-Britannique/British Columbia,-15.16,Column3,-21.12
Manitoba/Manitoba,-3.92,Column3,-5.04
Nouveau-Brunswick/New Brunswick,-4.10,Column3,-6.75
Terre-Neuve-et-Labrador/Newfoundland & Labrador,-8.32,Column3,-11.95
Territoires du Nord-Ouest/Northwest Territories,-3.34,Column3,-3.30
Nouvelle-Écosse/Nova Scotia,-0.59,Column3,-1.45
Nunavut/Nunavut,-4.81,Column3,-7.99
Ontario/Ontario,-4.12,Column3,-6.22
Île-du-Prince-Édouard/Prince Edward Island,-1.44,Column3,-3.13
Québec/Quebec,-6.23,Column3,-8.72
Saskatchewan/Saskatchewan,-3.32,Column3,-4.62
Yukon/Yukon Territory,-9.83,Column3,-11.60
75e centile/75th percentile,RCP2.6,Column3,
,2016-2035,Column3,2046-2065
Canada/Canada,0.04,Column3,0.05
Alberta/Alberta,-1.21,Column3,-1.59
Colombie-Britannique/British Columbia,-4.63,Column3,-6.04
Manitoba/Manitoba,-0.58,Column3,-0.26
Nouveau-Brunswick/New Brunswick,-0.31,Column3,-1.36
Terre-Neuve-et-Labrador/Newfoundland & Labrador,-2.04,Column3,-2.24
Territoires du Nord-Ouest/Northwest Territories,0.21,Column3,1.04
Nouvelle-Écosse/Nova Scotia,0.00,Column3,-0.06
Nunavut/Nunavut,1.73,Column3,2.05
Ontario/Ontario,-0.83,Column3,-1.08
Île-du-Prince-Édouard/Prince Edward Island,-0.10,Column3,-0.26
Québec/Quebec,-0.81,Column3,-1.36
Saskatchewan/Saskatchewan,-0.83,Column3,-0.81
Yukon/Yukon Territory,-1.62,Column3,-0.06
50e centile/50th percentile,RCP2.6,Column3,
,2016-2035,Column3,2046-2065
Canada/Canada,-0.68,Column3,-1.01
Alberta/Alberta,0.00,Column3,0.00
Colombie-Britannique/British Columbia,-0.33,Column3,-0.32
Manitoba/Manitoba,-0.01,Column3,0.00
Nouveau-Brunswick/New Brunswick,0.00,Column3,0.00
Terre-Neuve-et-Labrador/Newfoundland & Labrador,-0.06,Column3,-0.06
Territoires du Nord-Ouest/Northwest Territories,-0.13,Column3,-0.15
Nouvelle-Écosse/Nova Scotia,0.00,Column3,0.00
Nunavut/Nunavut,-1.97,Column3,-3.15
Ontario/Ontario,0.00,Column3,0.00
Île-du-Prince-Édouard/Prince Edward Island,0.00,Column3,0.00
Québec/Quebec,-0.06,Column3,-0.10
Saskatchewan/Saskatchewan,0.00,Column3,0.00
Yukon/Yukon Territory,-0.52,Column3,-0.53
25e centile/25th percentile,RCP2.6,Column3,
,2016-2035,Column3,2046-2065
Canada/Canada,-2.00,Column3,-3.31
Alberta/Alberta,-0.02,Column3,-0.02
Colombie-Britannique/British Columbia,-1.16,Column3,-1.32
Manitoba/Manitoba,-0.03,Column3,-0.04
Nouveau-Brunswick/New Brunswick,0.00,Column3,0.00
Terre-Neuve-et-Labrador/Newfoundland & Labrador,-0.27,Column3,-0.33
Territoires du Nord-Ouest/Northwest Territories,-0.62,Column3,-1.08
Nouvelle-Écosse/Nova Scotia,0.00,Column3,0.00
Nunavut/Nunavut,-5.64,Column3,-9.85
Ontario/Ontario,-0.01,Column3,-0.01
Île-du-Prince-Édouard/Prince Edward Island,0.00,Column3,0.00
Québec/Quebec,-0.24,Column3,-0.35
Saskatchewan/Saskatchewan,0.00,Column3,0.00
Yukon/Yukon Territory,-2.14,Column3,-2.37
75e centile/75th percentile,RCP2.6,Column3,
,2016-2035,Column3,2046-2065
Canada/Canada,-0.05,Column3,-0.11
Alberta/Alberta,0.00,Column3,0.00
Colombie-Britannique/British Columbia,-0.01,Column3,-0.01
Manitoba/Manitoba,0.00,Column3,0.00
Nouveau-Brunswick/New Brunswick,0.00,Column3,0.00
Terre-Neuve-et-Labrador/Newfoundland & Labrador,0.00,Column3,0.00
Territoires du Nord-Ouest/Northwest Territories,0.00,Column3,-0.01
Nouvelle-Écosse/Nova Scotia,0.00,Column3,0.00
Nunavut/Nunavut,-0.05,Column3,-0.41
Ontario/Ontario,0.00,Column3,0.00
Île-du-Prince-Édouard/Prince Edward Island,0.00,Column3,0.00
Québec/Quebec,0.00,Column3,0.00
Saskatchewan/Saskatchewan,0.00,Column3,0.00
Yukon/Yukon Territory,-0.09,Column3,-0.09
50e centile/50th percentile,RCP2.6,Column3,
,2016-2035,Column3,2046-2065
Canada/Canada,-0.81,Column3,-1.25
Alberta/Alberta,-0.45,Column3,-0.55
Colombie-Britannique/British Columbia,-1.16,Column3,-1.85
Manitoba/Manitoba,-0.51,Column3,-0.73
Nouveau-Brunswick/New Brunswick,-0.19,Column3,-0.30
Terre-Neuve-et-Labrador/Newfoundland & Labrador,-0.56,Column3,-0.94
Territoires du Nord-Ouest/Northwest Territories,-0.62,Column3,-1.03
Nouvelle-Écosse/Nova Scotia,-0.02,Column3,-0.02
Nunavut/Nunavut,-1.95,Column3,-3.28
Ontario/Ontario,-0.44,Column3,-0.72
Île-du-Prince-Édouard/Prince Edward Island,-0.03,Column3,-0.05
Québec/Quebec,-0.74,Column3,-1.11
Saskatchewan/Saskatchewan,-0.43,Column3,-0.61
Yukon/Yukon Territory,-1.54,Column3,-2.71
25e centile/25th percentile,RCP2.6,Column3,
,2016-2035,Column3,2046-2065
Canada/Canada,-2.12,Column3,-3.52
Alberta/Alberta,-0.83,Column3,-0.85
Colombie-Britannique/British Columbia,-2.17,Column3,-3.03
Manitoba/Manitoba,-0.93,Column3,-1.25
Nouveau-Brunswick/New Brunswick,-0.38,Column3,-0.39
Terre-Neuve-et-Labrador/Newfoundland & Labrador,-1.06,Column3,-1.54
Territoires du Nord-Ouest/Northwest Territories,-1.44,Column3,-2.27
Nouvelle-Écosse/Nova Scotia,-0.05,Column3,-0.06
Nunavut/Nunavut,-5.19,Column3,-9.26
Ontario/Ontario,-0.81,Column3,-1.11
Île-du-Prince-Édouard/Prince Edward Island,-0.10,Column3,-0.11
Québec/Quebec,-1.22,Column3,-1.76
Saskatchewan/Saskatchewan,-0.78,Column3,-0.91
Yukon/Yukon Territory,-3.05,Column3,-4.46
75e centile/75th percentile,RCP2.6,Column3,
,2016-2035,Column3,2046-2065
Canada/Canada,-0.08,Column3,-0.22
Alberta/Alberta,-0.21,Column3,-0.28
Colombie-Britannique/British Columbia,-0.43,Column3,-0.85
Manitoba/Manitoba,-0.14,Column3,-0.17
Nouveau-Brunswick/New Brunswick,-0.11,Column3,-0.20
Terre-Neuve-et-Labrador/Newfoundland & Labrador,-0.16,Column3,-0.52
Territoires du Nord-Ouest/Northwest Territories,-0.04,Column3,-0.31
Nouvelle-Écosse/Nova Scotia,0.00,Column3,-0.01
Nunavut/Nunavut,-0.02,Column3,-0.51
Ontario/Ontario,-0.20,Column3,-0.44
Île-du-Prince-Édouard/Prince Edward Island,-0.01,Column3,-0.03
Québec/Quebec,-0.31,Column3,-0.51
Saskatchewan/Saskatchewan,-0.12,Column3,-0.18
Yukon/Yukon Territory,-0.70,Column3,-1.28
50e centile/50th percentile,RCP2.6,Column4,
,2016-2035,Column4,2081-2100
Canada/Canada,-1.00,Column4,-1.50
Alberta/Alberta,-1.31,Column4,-2.02
Colombie-Britannique/British Columbia,-4.14,Column4,-6.84
Manitoba/Manitoba,-0.93,Column4,-1.32
Nouveau-Brunswick/New Brunswick,-0.80,Column4,-2.09
Terre-Neuve-et-Labrador/Newfoundland & Labrador,-2.21,Column4,-2.95
Territoires du Nord-Ouest/Northwest Territories,-0.69,Column4,-0.41
Nouvelle-Écosse/Nova Scotia,-0.19,Column4,-0.33
Nunavut/Nunavut,-1.46,Column4,-2.23
Ontario/Ontario,-1.25,Column4,-1.88
Île-du-Prince-Édouard/Prince Edward Island,-0.41,Column4,-0.85
Québec/Quebec,-1.60,Column4,-2.47
Saskatchewan/Saskatchewan,-0.92,Column4,-1.28
Yukon/Yukon Territory,-2.44,Column4,-2.83
25e centile/25th percentile,RCP2.6,Column4,
,2016-2035,Column4,2081-2100
Canada/Canada,-1.99,Column4,-4.51
Alberta/Alberta,-1.31,Column4,-1.65
Colombie-Britannique/British Columbia,-4.65,Column4,-7.26
Manitoba/Manitoba,-1.22,Column4,-1.38
Nouveau-Brunswick/New Brunswick,-1.12,Column4,-1.67
Terre-Neuve-et-Labrador/Newfoundland & Labrador,-2.44,Column4,-3.20
Territoires du Nord-Ouest/Northwest Territories,-1.44,Column4,-2.04
Nouvelle-Écosse/Nova Scotia,-0.16,Column4,-0.25
Nunavut/Nunavut,-4.45,Column4,-11.02
Ontario/Ontario,-1.24,Column4,-1.71
Île-du-Prince-Édouard/Prince Edward Island,-0.39,Column4,-0.63
Québec/Quebec,-1.95,Column4,-2.61
Saskatchewan/Saskatchewan,-1.01,Column4,-1.18
Yukon/Yukon Territory,-3.77,Column4,-5.61
75e centile/75th percentile,RCP2.6,Column4,
,2016-2035,Column4,2081-2100
Canada/Canada,-0.02,Column4,-0.02
Alberta/Alberta,-0.36,Column4,-0.56
Colombie-Britannique/British Columbia,-1.27,Column4,-2.13
Manitoba/Manitoba,-0.18,Column4,-0.22
Nouveau-Brunswick/New Brunswick,-0.10,Column4,-0.43
Terre-Neuve-et-Labrador/Newfoundland & Labrador,-0.55,Column4,-0.51
Territoires du Nord-Ouest/Northwest Territories,0.05,Column4,0.29
Nouvelle-Écosse/Nova Scotia,0.00,Column4,-0.03
Nunavut/Nunavut,0.42,Column4,0.77
Ontario/Ontario,-0.26,Column4,-0.38
Île-du-Prince-Édouard/Prince Edward Island,-0.03,Column4,-0.08
Québec/Quebec,-0.28,Column4,-0.58
Saskatchewan/Saskatchewan,-0.24,Column4,-0.35
Yukon/Yukon Territory,-0.60,Column4,-0.34
50e centile/50th percentile,RCP2.6,Column4,
,2016-2035,Column4,2081-2100
Canada/Canada,-1.20,Column4,-1.90
Alberta/Alberta,-2.10,Column4,-4.10
Colombie-Britannique/British Columbia,-6.20,Column4,-11.70
Manitoba/Manitoba,-1.10,Column4,-2.10
Nouveau-Brunswick/New Brunswick,-1.70,Column4,-4.60
Terre-Neuve-et-Labrador/Newfoundland & Labrador,-3.60,Column4,-4.90
Territoires du Nord-Ouest/Northwest Territories,-0.40,Column4,0.00
Nouvelle-Écosse/Nova Scotia,-0.60,Column4,-1.00
Nunavut/Nunavut,-0.90,Column4,-1.30
Ontario/Ontario,-2.10,Column4,-3.50
Île-du-Prince-Édouard/Prince Edward Island,-1.20,Column4,-1.90
Québec/Quebec,-2.30,Column4,-4.10
Saskatchewan/Saskatchewan,-1.40,Column4,-2.50
Yukon/Yukon Territory,-2.80,Column4,-2.80
25e centile/25th percentile,RCP2.6,Column4,
,2016-2035,Column4,2081-2100
Canada/Canada,-3.00,Column4,-5.20
Alberta/Alberta,-4.70,Column4,-6.60
Colombie-Britannique/British Columbia,-10.10,Column4,-17.40
Manitoba/Manitoba,-2.90,Column4,-3.70
Nouveau-Brunswick/New Brunswick,-2.90,Column4,-7.20
Terre-Neuve-et-Labrador/Newfoundland & Labrador,-6.00,Column4,-8.00
Territoires du Nord-Ouest/Northwest Territories,-1.70,Column4,-2.00
Nouvelle-Écosse/Nova Scotia,-1.10,Column4,-2.00
Nunavut/Nunavut,-4.50,Column4,-9.10
Ontario/Ontario,-3.50,Column4,-5.50
Île-du-Prince-Édouard/Prince Edward Island,-2.40,Column4,-4.70
Québec/Quebec,-4.10,Column4,-6.10
Saskatchewan/Saskatchewan,-3.40,Column4,-4.60
Yukon/Yukon Territory,-5.70,Column4,-7.10
75e centile/75th percentile,RCP2.6,Column4,
,2016-2035,Column4,2081-2100
Canada/Canada,0.20,Column4,-0.10
Alberta/Alberta,-0.50,Column4,-1.70
Colombie-Britannique/British Columbia,-3.20,Column4,-6.60
Manitoba/Manitoba,0.10,Column4,-0.50
Nouveau-Brunswick/New Brunswick,0.20,Column4,-2.50
Terre-Neuve-et-Labrador/Newfoundland & Labrador,-1.20,Column4,-2.50
Territoires du Nord-Ouest/Northwest Territories,1.10,Column4,1.80
Nouvelle-Écosse/Nova Scotia,0.00,Column4,-0.60
Nunavut/Nunavut,1.80,Column4,2.70
Ontario/Ontario,-0.40,Column4,-1.40
Île-du-Prince-Édouard/Prince Edward Island,-0.50,Column4,-1.40
Québec/Quebec,-0.50,Column4,-1.90
Saskatchewan/Saskatchewan,-0.10,Column4,-1.20
Yukon/Yukon Territory,0.30,Column4,0.00
50e centile/50th percentile,RCP2.6,Column4,
,2016-2035,Column4,2081-2100
Canada/Canada,-1.38,Column4,-1.76
Alberta/Alberta,-2.69,Column4,-3.33
Colombie-Britannique/British Columbia,-8.87,Column4,-13.21
Manitoba/Manitoba,-2.11,Column4,-2.37
Nouveau-Brunswick/New Brunswick,-1.34,Column4,-3.46
Terre-Neuve-et-Labrador/Newfoundland & Labrador,-4.64,Column4,-5.83
Territoires du Nord-Ouest/Northwest Territories,-1.62,Column4,-0.43
Nouvelle-Écosse/Nova Scotia,-0.10,Column4,-0.32
Nunavut/Nunavut,-0.98,Column4,-0.98
Ontario/Ontario,-2.43,Column4,-3.36
Île-du-Prince-Édouard/Prince Edward Island,-0.38,Column4,-1.50
Québec/Quebec,-3.24,Column4,-4.63
Saskatchewan/Saskatchewan,-1.85,Column4,-2.00
Yukon/Yukon Territory,-4.95,Column4,-4.97
25e centile/25th percentile,RCP2.6,Column4,
,2016-2035,Column4,2081-2100
Canada/Canada,-3.41,Column4,-5.20
Alberta/Alberta,-4.51,Column4,-5.15
Colombie-Britannique/British Columbia,-15.16,Column4,-21.83
Manitoba/Manitoba,-3.92,Column4,-3.78
Nouveau-Brunswick/New Brunswick,-4.10,Column4,-6.08
Terre-Neuve-et-Labrador/Newfoundland & Labrador,-8.32,Column4,-9.88
Territoires du Nord-Ouest/Northwest Territories,-3.34,Column4,-2.93
Nouvelle-Écosse/Nova Scotia,-0.59,Column4,-0.92
Nunavut/Nunavut,-4.81,Column4,-8.77
Ontario/Ontario,-4.12,Column4,-5.32
Île-du-Prince-Édouard/Prince Edward Island,-1.44,Column4,-2.37
Québec/Quebec,-6.23,Column4,-7.37
Saskatchewan/Saskatchewan,-3.32,Column4,-3.42
Yukon/Yukon Territory,-9.83,Column4,-11.66
75e centile/75th percentile,RCP2.6,Column4,
,2016-2035,Column4,2081-2100
Canada/Canada,0.04,Column4,0.14
Alberta/Alberta,-1.21,Column4,-1.90
Colombie-Britannique/British Columbia,-4.63,Column4,-7.38
Manitoba/Manitoba,-0.58,Column4,-0.46
Nouveau-Brunswick/New Brunswick,-0.31,Column4,-1.54
Terre-Neuve-et-Labrador/Newfoundland & Labrador,-2.04,Column4,-1.53
Territoires du Nord-Ouest/Northwest Territories,0.21,Column4,1.27
Nouvelle-Écosse/Nova Scotia,0.00,Column4,-0.09
Nunavut/Nunavut,1.73,Column4,3.11
Ontario/Ontario,-0.83,Column4,-1.11
Île-du-Prince-Édouard/Prince Edward Island,-0.10,Column4,-0.30
Québec/Quebec,-0.81,Column4,-1.75
Saskatchewan/Saskatchewan,-0.83,Column4,-1.00
Yukon/Yukon Territory,-1.62,Column4,-0.02
50e centile/50th percentile,RCP2.6,Column4,
,2016-2035,Column4,2081-2100
Canada/Canada,-0.68,Column4,-1.09
Alberta/Alberta,0.00,Column4,0.00
Colombie-Britannique/British Columbia,-0.33,Column4,-0.48
Manitoba/Manitoba,-0.01,Column4,-0.01
Nouveau-Brunswick/New Brunswick,0.00,Column4,0.00
Terre-Neuve-et-Labrador/Newfoundland & Labrador,-0.06,Column4,-0.06
Territoires du Nord-Ouest/Northwest Territories,-0.13,Column4,-0.23
Nouvelle-Écosse/Nova Scotia,0.00,Column4,0.00
Nunavut/Nunavut,-1.97,Column4,-3.27
Ontario/Ontario,0.00,Column4,0.00
Île-du-Prince-Édouard/Prince Edward Island,0.00,Column4,0.00
Québec/Quebec,-0.06,Column4,-0.07
Saskatchewan/Saskatchewan,0.00,Column4,0.00
Yukon/Yukon Territory,-0.52,Column4,-1.08
25e centile/25th percentile,RCP2.6,Column4,
,2016-2035,Column4,2081-2100
Canada/Canada,-2.00,Column4,-3.84
Alberta/Alberta,-0.02,Column4,-0.02
Colombie-Britannique/British Columbia,-1.16,Column4,-1.58
Manitoba/Manitoba,-0.03,Column4,-0.03
Nouveau-Brunswick/New Brunswick,0.00,Column4,0.00
Terre-Neuve-et-Labrador/Newfoundland & Labrador,-0.27,Column4,-0.38
Territoires du Nord-Ouest/Northwest Territories,-0.62,Column4,-1.18
Nouvelle-Écosse/Nova Scotia,0.00,Column4,0.00
Nunavut/Nunavut,-5.64,Column4,-11.38
Ontario/Ontario,-0.01,Column4,-0.01
Île-du-Prince-Édouard/Prince Edward Island,0.00,Column4,0.00
Québec/Quebec,-0.24,Column4,-0.26
Saskatchewan/Saskatchewan,0.00,Column4,0.00
Yukon/Yukon Territory,-2.14,Column4,-2.63
75e centile/75th percentile,RCP2.6,Column4,
,2016-2035,Column4,2081-2100
Canada/Canada,-0.05,Column4,-0.06
Alberta/Alberta,0.00,Column4,0.00
Colombie-Britannique/British Columbia,-0.01,Column4,-0.02
Manitoba/Manitoba,0.00,Column4,0.00
Nouveau-Brunswick/New Brunswick,0.00,Column4,0.00
Terre-Neuve-et-Labrador/Newfoundland & Labrador,0.00,Column4,-0.01
Territoires du Nord-Ouest/Northwest Territories,0.00,Column4,0.00
Nouvelle-Écosse/Nova Scotia,0.00,Column4,0.00
Nunavut/Nunavut,-0.05,Column4,0.01
Ontario/Ontario,0.00,Column4,0.00
Île-du-Prince-Édouard/Prince Edward Island,0.00,Column4,0.00
Québec/Quebec,0.00,Column4,-0.01
Saskatchewan/Saskatchewan,0.00,Column4,0.00
Yukon/Yukon Territory,-0.09,Column4,-0.17
50e centile/50th percentile,RCP2.6,Column4,
,2016-2035,Column4,2081-2100
Canada/Canada,-0.81,Column4,-1.30
Alberta/Alberta,-0.45,Column4,-0.66
Colombie-Britannique/British Columbia,-1.16,Column4,-1.98
Manitoba/Manitoba,-0.51,Column4,-0.76
Nouveau-Brunswick/New Brunswick,-0.19,Column4,-0.29
Terre-Neuve-et-Labrador/Newfoundland & Labrador,-0.56,Column4,-0.97
Territoires du Nord-Ouest/Northwest Territories,-0.62,Column4,-0.96
Nouvelle-Écosse/Nova Scotia,-0.02,Column4,-0.02
Nunavut/Nunavut,-1.95,Column4,-3.32
Ontario/Ontario,-0.44,Column4,-0.69
Île-du-Prince-Édouard/Prince Edward Island,-0.03,Column4,-0.04
Québec/Quebec,-0.74,Column4,-1.08
Saskatchewan/Saskatchewan,-0.43,Column4,-0.66
Yukon/Yukon Territory,-1.54,Column4,-2.47
25e centile/25th percentile,RCP2.6,Column4,
,2016-2035,Column4,2081-2100
Canada/Canada,-2.12,Column4,-4.01
Alberta/Alberta,-0.83,Column4,-1.01
Colombie-Britannique/British Columbia,-2.17,Column4,-3.37
Manitoba/Manitoba,-0.93,Column4,-1.25
Nouveau-Brunswick/New Brunswick,-0.38,Column4,-0.42
Terre-Neuve-et-Labrador/Newfoundland & Labrador,-1.06,Column4,-1.64
Territoires du Nord-Ouest/Northwest Territories,-1.44,Column4,-2.20
Nouvelle-Écosse/Nova Scotia,-0.05,Column4,-0.05
Nunavut/Nunavut,-5.19,Column4,-10.80
Ontario/Ontario,-0.81,Column4,-1.06
Île-du-Prince-Édouard/Prince Edward Island,-0.10,Column4,-0.11
Québec/Quebec,-1.22,Column4,-1.67
Saskatchewan/Saskatchewan,-0.78,Column4,-0.96
Yukon/Yukon Territory,-3.05,Column4,-4.47
75e centile/75th percentile,RCP2.6,Column4,
,2016-2035,Column4,2081-2100
Canada/Canada,-0.08,Column4,-0.17
Alberta/Alberta,-0.21,Column4,-0.33
Colombie-Britannique/British Columbia,-0.43,Column4,-1.04
Manitoba/Manitoba,-0.14,Column4,-0.43
Nouveau-Brunswick/New Brunswick,-0.11,Column4,-0.15
Terre-Neuve-et-Labrador/Newfoundland & Labrador,-0.16,Column4,-0.48
Territoires du Nord-Ouest/Northwest Territories,-0.04,Column4,-0.13
Nouvelle-Écosse/Nova Scotia,0.00,Column4,-0.01
Nunavut/Nunavut,-0.02,Column4,-0.05
Ontario/Ontario,-0.20,Column4,-0.38
Île-du-Prince-Édouard/Prince Edward Island,-0.01,Column4,-0.01
Québec/Quebec,-0.31,Column4,-0.56
Saskatchewan/Saskatchewan,-0.12,Column4,-0.37
Yukon/Yukon Territory,-0.70,Column4,-1.19
50e centile/50th percentile,RCP2.6,Column5,RCP4.5
,2016-2035,Column5,2016-2035
Canada/Canada,-1.00,Column5,-1.00
Alberta/Alberta,-1.31,Column5,-1.20
Colombie-Britannique/British Columbia,-4.14,Column5,-3.90
Manitoba/Manitoba,-0.93,Column5,-0.72
Nouveau-Brunswick/New Brunswick,-0.80,Column5,-1.26
Terre-Neuve-et-Labrador/Newfoundland & Labrador,-2.21,Column5,-1.60
Territoires du Nord-Ouest/Northwest Territories,-0.69,Column5,-0.42
Nouvelle-Écosse/Nova Scotia,-0.19,Column5,-0.22
Nunavut/Nunavut,-1.46,Column5,-2.08
Ontario/Ontario,-1.25,Column5,-0.98
Île-du-Prince-Édouard/Prince Edward Island,-0.41,Column5,-0.60
Québec/Quebec,-1.60,Column5,-1.73
Saskatchewan/Saskatchewan,-0.92,Column5,-0.72
Yukon/Yukon Territory,-2.44,Column5,-1.62
25e centile/25th percentile,RCP2.6,Column5,RCP4.5
,2016-2035,Column5,2016-2035
Canada/Canada,-1.99,Column5,-1.99
Alberta/Alberta,-1.31,Column5,-1.27
Colombie-Britannique/British Columbia,-4.65,Column5,-4.38
Manitoba/Manitoba,-1.22,Column5,-1.10
Nouveau-Brunswick/New Brunswick,-1.12,Column5,-1.39
Terre-Neuve-et-Labrador/Newfoundland & Labrador,-2.44,Column5,-2.16
Territoires du Nord-Ouest/Northwest Territories,-1.44,Column5,-1.21
Nouvelle-Écosse/Nova Scotia,-0.16,Column5,-0.23
Nunavut/Nunavut,-4.45,Column5,-4.59
Ontario/Ontario,-1.24,Column5,-1.28
Île-du-Prince-Édouard/Prince Edward Island,-0.39,Column5,-0.55
Québec/Quebec,-1.95,Column5,-1.99
Saskatchewan/Saskatchewan,-1.01,Column5,-0.97
Yukon/Yukon Territory,-3.77,Column5,-2.98
75e centile/75th percentile,RCP2.6,Column5,RCP4.5
,2016-2035,Column5,2016-2035
Canada/Canada,-0.02,Column5,-0.01
Alberta/Alberta,-0.36,Column5,-0.21
Colombie-Britannique/British Columbia,-1.27,Column5,-1.00
Manitoba/Manitoba,-0.18,Column5,-0.09
Nouveau-Brunswick/New Brunswick,-0.10,Column5,-0.20
Terre-Neuve-et-Labrador/Newfoundland & Labrador,-0.55,Column5,-0.16
Territoires du Nord-Ouest/Northwest Territories,0.05,Column5,0.24
Nouvelle-Écosse/Nova Scotia,0.00,Column5,0.00
Nunavut/Nunavut,0.42,Column5,0.14
Ontario/Ontario,-0.26,Column5,-0.16
Île-du-Prince-Édouard/Prince Edward Island,-0.03,Column5,-0.05
Québec/Quebec,-0.28,Column5,-0.30
Saskatchewan/Saskatchewan,-0.24,Column5,-0.10
Yukon/Yukon Territory,-0.60,Column5,-0.04
50e centile/50th percentile,RCP2.6,Column5,RCP4.5
,2016-2035,Column5,2016-2035
Canada/Canada,-1.20,Column5,-1.10
Alberta/Alberta,-2.10,Column5,-2.10
Colombie-Britannique/British Columbia,-6.20,Column5,-6.10
Manitoba/Manitoba,-1.10,Column5,-0.70
Nouveau-Brunswick/New Brunswick,-1.70,Column5,-2.40
Terre-Neuve-et-Labrador/Newfoundland & Labrador,-3.60,Column5,-2.50
Territoires du Nord-Ouest/Northwest Territories,-0.40,Column5,-0.20
Nouvelle-Écosse/Nova Scotia,-0.60,Column5,-0.60
Nunavut/Nunavut,-0.90,Column5,-1.50
Ontario/Ontario,-2.10,Column5,-1.40
Île-du-Prince-Édouard/Prince Edward Island,-1.20,Column5,-1.20
Québec/Quebec,-2.30,Column5,-2.40
Saskatchewan/Saskatchewan,-1.40,Column5,-1.30
Yukon/Yukon Territory,-2.80,Column5,-1.90
25e centile/25th percentile,RCP2.6,Column5,RCP4.5
,2016-2035,Column5,2016-2035
Canada/Canada,-3.00,Column5,-3.10
Alberta/Alberta,-4.70,Column5,-3.70
Colombie-Britannique/British Columbia,-10.10,Column5,-9.70
Manitoba/Manitoba,-2.90,Column5,-2.30
Nouveau-Brunswick/New Brunswick,-2.90,Column5,-4.20
Terre-Neuve-et-Labrador/Newfoundland & Labrador,-6.00,Column5,-5.10
Territoires du Nord-Ouest/Northwest Territories,-1.70,Column5,-1.80
Nouvelle-Écosse/Nova Scotia,-1.10,Column5,-1.30
Nunavut/Nunavut,-4.50,Column5,-5.70
Ontario/Ontario,-3.50,Column5,-3.20
Île-du-Prince-Édouard/Prince Edward Island,-2.40,Column5,-3.20
Québec/Quebec,-4.10,Column5,-4.40
Saskatchewan/Saskatchewan,-3.40,Column5,-2.60
Yukon/Yukon Territory,-5.70,Column5,-4.80
75e centile/75th percentile,RCP2.6,Column5,RCP4.5
,2016-2035,Column5,2016-2035
Canada/Canada,0.20,Column5,0.30
Alberta/Alberta,-0.50,Column5,-0.50
Colombie-Britannique/British Columbia,-3.20,Column5,-2.50
Manitoba/Manitoba,0.10,Column5,0.30
Nouveau-Brunswick/New Brunswick,0.20,Column5,-0.60
Terre-Neuve-et-Labrador/Newfoundland & Labrador,-1.20,Column5,-0.50
Territoires du Nord-Ouest/Northwest Territories,1.10,Column5,1.80
Nouvelle-Écosse/Nova Scotia,0.00,Column5,-0.10
Nunavut/Nunavut,1.80,Column5,1.40
Ontario/Ontario,-0.40,Column5,0.40
Île-du-Prince-Édouard/Prince Edward Island,-0.50,Column5,-0.40
Québec/Quebec,-0.50,Column5,-0.30
Saskatchewan/Saskatchewan,-0.10,Column5,-0.20
Yukon/Yukon Territory,0.30,Column5,1.20
50e centile/50th percentile,RCP2.6,Column5,RCP4.5
,2016-2035,Column5,2016-2035
Canada/Canada,-1.38,Column5,-1.27
Alberta/Alberta,-2.69,Column5,-2.35
Colombie-Britannique/British Columbia,-8.87,Column5,-7.96
Manitoba/Manitoba,-2.11,Column5,-1.65
Nouveau-Brunswick/New Brunswick,-1.34,Column5,-2.38
Terre-Neuve-et-Labrador/Newfoundland & Labrador,-4.64,Column5,-3.27
Territoires du Nord-Ouest/Northwest Territories,-1.62,Column5,-0.54
Nouvelle-Écosse/Nova Scotia,-0.10,Column5,-0.30
Nunavut/Nunavut,-0.98,Column5,-1.66
Ontario/Ontario,-2.43,Column5,-2.09
Île-du-Prince-Édouard/Prince Edward Island,-0.38,Column5,-1.13
Québec/Quebec,-3.24,Column5,-3.65
Saskatchewan/Saskatchewan,-1.85,Column5,-1.32
Yukon/Yukon Territory,-4.95,Column5,-2.62
25e centile/25th percentile,RCP2.6,Column5,RCP4.5
,2016-2035,Column5,2016-2035
Canada/Canada,-3.41,Column5,-3.42
Alberta/Alberta,-4.51,Column5,-4.08
Colombie-Britannique/British Columbia,-15.16,Column5,-13.76
Manitoba/Manitoba,-3.92,Column5,-3.43
Nouveau-Brunswick/New Brunswick,-4.10,Column5,-5.12
Terre-Neuve-et-Labrador/Newfoundland & Labrador,-8.32,Column5,-7.20
Territoires du Nord-Ouest/Northwest Territories,-3.34,Column5,-2.46
Nouvelle-Écosse/Nova Scotia,-0.59,Column5,-0.87
Nunavut/Nunavut,-4.81,Column5,-5.82
Ontario/Ontario,-4.12,Column5,-4.28
Île-du-Prince-Édouard/Prince Edward Island,-1.44,Column5,-2.12
Québec/Quebec,-6.23,Column5,-6.19
Saskatchewan/Saskatchewan,-3.32,Column5,-3.00
Yukon/Yukon Territory,-9.83,Column5,-6.65
75e centile/75th percentile,RCP2.6,Column5,RCP4.5
,2016-2035,Column5,2016-2035
Canada/Canada,0.04,Column5,0.12
Alberta/Alberta,-1.21,Column5,-0.76
Colombie-Britannique/British Columbia,-4.63,Column5,-3.44
Manitoba/Manitoba,-0.58,Column5,-0.25
Nouveau-Brunswick/New Brunswick,-0.31,Column5,-0.67
Terre-Neuve-et-Labrador/Newfoundland & Labrador,-2.04,Column5,-0.41
Territoires du Nord-Ouest/Northwest Territories,0.21,Column5,0.89
Nouvelle-Écosse/Nova Scotia,0.00,Column5,-0.01
Nunavut/Nunavut,1.73,Column5,1.15
Ontario/Ontario,-0.83,Column5,-0.51
Île-du-Prince-Édouard/Prince Edward Island,-0.10,Column5,-0.16
Québec/Quebec,-0.81,Column5,-0.77
Saskatchewan/Saskatchewan,-0.83,Column5,-0.29
Yukon/Yukon Territory,-1.62,Column5,0.21
50e centile/50th percentile,RCP2.6,Column5,RCP4.5
,2016-2035,Column5,2016-2035
Canada/Canada,-0.68,Column5,-0.76
Alberta/Alberta,0.00,Column5,0.00
Colombie-Britannique/British Columbia,-0.33,Column5,-0.28
Manitoba/Manitoba,-0.01,Column5,-0.01
Nouveau-Brunswick/New Brunswick,0.00,Column5,0.00
Terre-Neuve-et-Labrador/Newfoundland & Labrador,-0.06,Column5,-0.03
Territoires du Nord-Ouest/Northwest Territories,-0.13,Column5,-0.20
Nouvelle-Écosse/Nova Scotia,0.00,Column5,0.00
Nunavut/Nunavut,-1.97,Column5,-2.64
Ontario/Ontario,0.00,Column5,0.00
Île-du-Prince-Édouard/Prince Edward Island,0.00,Column5,0.00
Québec/Quebec,-0.06,Column5,-0.06
Saskatchewan/Saskatchewan,0.00,Column5,0.00
Yukon/Yukon Territory,-0.52,Column5,-0.36
25e centile/25th percentile,RCP2.6,Column5,RCP4.5
,2016-2035,Column5,2016-2035
Canada/Canada,-2.00,Column5,-2.20
Alberta/Alberta,-0.02,Column5,-0.02
Colombie-Britannique/British Columbia,-1.16,Column5,-1.12
Manitoba/Manitoba,-0.03,Column5,-0.03
Nouveau-Brunswick/New Brunswick,0.00,Column5,0.00
Terre-Neuve-et-Labrador/Newfoundland & Labrador,-0.27,Column5,-0.11
Territoires du Nord-Ouest/Northwest Territories,-0.62,Column5,-0.73
Nouvelle-Écosse/Nova Scotia,0.00,Column5,0.00
Nunavut/Nunavut,-5.64,Column5,-6.67
Ontario/Ontario,-0.01,Column5,-0.01
Île-du-Prince-Édouard/Prince Edward Island,0.00,Column5,0.00
Québec/Quebec,-0.24,Column5,-0.17
Saskatchewan/Saskatchewan,0.00,Column5,0.00
Yukon/Yukon Territory,-2.14,Column5,-2.08
75e centile/75th percentile,RCP2.6,Column5,RCP4.5
,2016-2035,Column5,2016-2035
Canada/Canada,-0.05,Column5,-0.09
Alberta/Alberta,0.00,Column5,0.00
Colombie-Britannique/British Columbia,-0.01,Column5,-0.01
Manitoba/Manitoba,0.00,Column5,0.00
Nouveau-Brunswick/New Brunswick,0.00,Column5,0.00
Terre-Neuve-et-Labrador/Newfoundland & Labrador,0.00,Column5,0.01
Territoires du Nord-Ouest/Northwest Territories,0.00,Column5,-0.01
Nouvelle-Écosse/Nova Scotia,0.00,Column5,0.00
Nunavut/Nunavut,-0.05,Column5,-0.37
Ontario/Ontario,0.00,Column5,0.00
Île-du-Prince-Édouard/Prince Edward Island,0.00,Column5,0.00
Québec/Quebec,0.00,Column5,0.00
Saskatchewan/Saskatchewan,0.00,Column5,0.00
Yukon/Yukon Territory,-0.09,Column5,-0.06
50e centile/50th percentile,RCP2.6,Column5,RCP4.5
,2016-2035,Column5,2016-2035
Canada/Canada,-0.81,Column5,-0.85
Alberta/Alberta,-0.45,Column5,-0.36
Colombie-Britannique/British Columbia,-1.16,Column5,-1.25
Manitoba/Manitoba,-0.51,Column5,-0.47
Nouveau-Brunswick/New Brunswick,-0.19,Column5,-0.24
Terre-Neuve-et-Labrador/Newfoundland & Labrador,-0.56,Column5,-0.64
Territoires du Nord-Ouest/Northwest Territories,-0.62,Column5,-0.68
Nouvelle-Écosse/Nova Scotia,-0.02,Column5,-0.02
Nunavut/Nunavut,-1.95,Column5,-2.50
Ontario/Ontario,-0.44,Column5,-0.40
Île-du-Prince-Édouard/Prince Edward Island,-0.03,Column5,-0.04
Québec/Quebec,-0.74,Column5,-0.81
Saskatchewan/Saskatchewan,-0.43,Column5,-0.31
Yukon/Yukon Territory,-1.54,Column5,-1.59
25e centile/25th percentile,RCP2.6,Column5,RCP4.5
,2016-2035,Column5,2016-2035
Canada/Canada,-2.12,Column5,-2.32
Alberta/Alberta,-0.83,Column5,-0.67
Colombie-Britannique/British Columbia,-2.17,Column5,-2.23
Manitoba/Manitoba,-0.93,Column5,-0.91
Nouveau-Brunswick/New Brunswick,-0.38,Column5,-0.37
Terre-Neuve-et-Labrador/Newfoundland & Labrador,-1.06,Column5,-1.26
Territoires du Nord-Ouest/Northwest Territories,-1.44,Column5,-1.67
Nouvelle-Écosse/Nova Scotia,-0.05,Column5,-0.05
Nunavut/Nunavut,-5.19,Column5,-6.26
Ontario/Ontario,-0.81,Column5,-0.78
Île-du-Prince-Édouard/Prince Edward Island,-0.10,Column5,-0.08
Québec/Quebec,-1.22,Column5,-1.36
Saskatchewan/Saskatchewan,-0.78,Column5,-0.66
Yukon/Yukon Territory,-3.05,Column5,-3.10
75e centile/75th percentile,RCP2.6,Column5,RCP4.5
,2016-2035,Column5,2016-2035
Canada/Canada,-0.08,Column5,-0.08
Alberta/Alberta,-0.21,Column5,-0.08
Colombie-Britannique/British Columbia,-0.43,Column5,-0.54
Manitoba/Manitoba,-0.14,Column5,-0.12
Nouveau-Brunswick/New Brunswick,-0.11,Column5,-0.13
Terre-Neuve-et-Labrador/Newfoundland & Labrador,-0.16,Column5,-0.23
Territoires du Nord-Ouest/Northwest Territories,-0.04,Column5,0.07
Nouvelle-Écosse/Nova Scotia,0.00,Column5,-0.01
Nunavut/Nunavut,-0.02,Column5,-0.22
Ontario/Ontario,-0.20,Column5,-0.13
Île-du-Prince-Édouard/Prince Edward Island,-0.01,Column5,-0.02
Québec/Quebec,-0.31,Column5,-0.43
Saskatchewan/Saskatchewan,-0.12,Column5,-0.11
Yukon/Yukon Territory,-0.70,Column5,-0.32
50e centile/50th percentile,RCP2.6,Column6,
,2016-2035,Column6,2046-2065
Canada/Canada,-1.00,Column6,-1.93
Alberta/Alberta,-1.31,Column6,-2.50
Colombie-Britannique/British Columbia,-4.14,Column6,-8.05
Manitoba/Manitoba,-0.93,Column6,-1.50
Nouveau-Brunswick/New Brunswick,-0.80,Column6,-2.73
Terre-Neuve-et-Labrador/Newfoundland & Labrador,-2.21,Column6,-3.71
Territoires du Nord-Ouest/Northwest Territories,-0.69,Column6,-0.82
Nouvelle-Écosse/Nova Scotia,-0.19,Column6,-0.42
Nunavut/Nunavut,-1.46,Column6,-3.01
Ontario/Ontario,-1.25,Column6,-2.31
Île-du-Prince-Édouard/Prince Edward Island,-0.41,Column6,-1.15
Québec/Quebec,-1.60,Column6,-3.16
Saskatchewan/Saskatchewan,-0.92,Column6,-1.68
Yukon/Yukon Territory,-2.44,Column6,-3.89
25e centile/25th percentile,RCP2.6,Column6,
,2016-2035,Column6,2046-2065
Canada/Canada,-1.99,Column6,-4.49
Alberta/Alberta,-1.31,Column6,-2.02
Colombie-Britannique/British Columbia,-4.65,Column6,-8.04
Manitoba/Manitoba,-1.22,Column6,-1.76
Nouveau-Brunswick/New Brunswick,-1.12,Column6,-2.12
Terre-Neuve-et-Labrador/Newfoundland & Labrador,-2.44,Column6,-3.87
Territoires du Nord-Ouest/Northwest Territories,-1.44,Column6,-2.28
Nouvelle-Écosse/Nova Scotia,-0.16,Column6,-0.32
Nunavut/Nunavut,-4.45,Column6,-10.27
Ontario/Ontario,-1.24,Column6,-2.14
Île-du-Prince-Édouard/Prince Edward Island,-0.39,Column6,-0.75
Québec/Quebec,-1.95,Column6,-3.23
Saskatchewan/Saskatchewan,-1.01,Column6,-1.53
Yukon/Yukon Territory,-3.77,Column6,-6.40
75e centile/75th percentile,RCP2.6,Column6,
,2016-2035,Column6,2046-2065
Canada/Canada,-0.02,Column6,-0.87
Alberta/Alberta,-0.36,Column6,-0.89
Colombie-Britannique/British Columbia,-1.27,Column6,-3.34
Manitoba/Manitoba,-0.18,Column6,-0.53
Nouveau-Brunswick/New Brunswick,-0.10,Column6,-0.69
Terre-Neuve-et-Labrador/Newfoundland & Labrador,-0.55,Column6,-0.98
Territoires du Nord-Ouest/Northwest Territories,0.05,Column6,-0.35
Nouvelle-Écosse/Nova Scotia,0.00,Column6,-0.02
Nunavut/Nunavut,0.42,Column6,-1.55
Ontario/Ontario,-0.26,Column6,-0.77
Île-du-Prince-Édouard/Prince Edward Island,-0.03,Column6,-0.10
Québec/Quebec,-0.28,Column6,-1.25
Saskatchewan/Saskatchewan,-0.24,Column6,-0.61
Yukon/Yukon Territory,-0.60,Column6,-1.94
50e centile/50th percentile,RCP2.6,Column6,
,2016-2035,Column6,2046-2065
Canada/Canada,-1.20,Column6,-2.20
Alberta/Alberta,-2.10,Column6,-4.70
Colombie-Britannique/British Columbia,-6.20,Column6,-12.90
Manitoba/Manitoba,-1.10,Column6,-2.20
Nouveau-Brunswick/New Brunswick,-1.70,Column6,-5.50
Terre-Neuve-et-Labrador/Newfoundland & Labrador,-3.60,Column6,-5.80
Territoires du Nord-Ouest/Northwest Territories,-0.40,Column6,0.00
Nouvelle-Écosse/Nova Scotia,-0.60,Column6,-1.30
Nunavut/Nunavut,-0.90,Column6,-1.70
Ontario/Ontario,-2.10,Column6,-4.10
Île-du-Prince-Édouard/Prince Edward Island,-1.20,Column6,-3.10
Québec/Quebec,-2.30,Column6,-4.60
Saskatchewan/Saskatchewan,-1.40,Column6,-3.20
Yukon/Yukon Territory,-2.80,Column6,-4.10
25e centile/25th percentile,RCP2.6,Column6,
,2016-2035,Column6,2046-2065
Canada/Canada,-3.00,Column6,-5.80
Alberta/Alberta,-4.70,Column6,-7.00
Colombie-Britannique/British Columbia,-10.10,Column6,-18.50
Manitoba/Manitoba,-2.90,Column6,-4.00
Nouveau-Brunswick/New Brunswick,-2.90,Column6,-8.00
Terre-Neuve-et-Labrador/Newfoundland & Labrador,-6.00,Column6,-8.50
Territoires du Nord-Ouest/Northwest Territories,-1.70,Column6,-1.70
Nouvelle-Écosse/Nova Scotia,-1.10,Column6,-2.20
Nunavut/Nunavut,-4.50,Column6,-9.80
Ontario/Ontario,-3.50,Column6,-6.30
Île-du-Prince-Édouard/Prince Edward Island,-2.40,Column6,-5.20
Québec/Quebec,-4.10,Column6,-7.10
Saskatchewan/Saskatchewan,-3.40,Column6,-4.90
Yukon/Yukon Territory,-5.70,Column6,-8.30
75e centile/75th percentile,RCP2.6,Column6,
,2016-2035,Column6,2046-2065
Canada/Canada,0.20,Column6,-0.40
Alberta/Alberta,-0.50,Column6,-2.30
Colombie-Britannique/British Columbia,-3.20,Column6,-8.10
Manitoba/Manitoba,0.10,Column6,-0.80
Nouveau-Brunswick/New Brunswick,0.20,Column6,-3.10
Terre-Neuve-et-Labrador/Newfoundland & Labrador,-1.20,Column6,-2.80
Territoires du Nord-Ouest/Northwest Territories,1.10,Column6,1.40
Nouvelle-Écosse/Nova Scotia,0.00,Column6,-0.70
Nunavut/Nunavut,1.80,Column6,2.20
Ontario/Ontario,-0.40,Column6,-2.20
Île-du-Prince-Édouard/Prince Edward Island,-0.50,Column6,-1.90
Québec/Quebec,-0.50,Column6,-2.00
Saskatchewan/Saskatchewan,-0.10,Column6,-1.20
Yukon/Yukon Territory,0.30,Column6,-1.20
50e centile/50th percentile,RCP2.6,Column6,
,2016-2035,Column6,2046-2065
Canada/Canada,-1.38,Column6,-2.37
Alberta/Alberta,-2.69,Column6,-4.61
Colombie-Britannique/British Columbia,-8.87,Column6,-16.10
Manitoba/Manitoba,-2.11,Column6,-2.93
Nouveau-Brunswick/New Brunswick,-1.34,Column6,-5.07
Terre-Neuve-et-Labrador/Newfoundland & Labrador,-4.64,Column6,-7.70
Territoires du Nord-Ouest/Northwest Territories,-1.62,Column6,-1.55
Nouvelle-Écosse/Nova Scotia,-0.10,Column6,-0.39
Nunavut/Nunavut,-0.98,Column6,-1.83
Ontario/Ontario,-2.43,Column6,-4.30
Île-du-Prince-Édouard/Prince Edward Island,-0.38,Column6,-1.47
Québec/Quebec,-3.24,Column6,-6.48
Saskatchewan/Saskatchewan,-1.85,Column6,-2.92
Yukon/Yukon Territory,-4.95,Column6,-6.61
25e centile/25th percentile,RCP2.6,Column6,
,2016-2035,Column6,2046-2065
Canada/Canada,-3.41,Column6,-6.04
Alberta/Alberta,-4.51,Column6,-6.43
Colombie-Britannique/British Columbia,-15.16,Column6,-24.67
Manitoba/Manitoba,-3.92,Column6,-4.99
Nouveau-Brunswick/New Brunswick,-4.10,Column6,-7.80
Terre-Neuve-et-Labrador/Newfoundland & Labrador,-8.32,Column6,-12.25
Territoires du Nord-Ouest/Northwest Territories,-3.34,Column6,-3.64
Nouvelle-Écosse/Nova Scotia,-0.59,Column6,-1.21
Nunavut/Nunavut,-4.81,Column6,-9.84
Ontario/Ontario,-4.12,Column6,-6.75
Île-du-Prince-Édouard/Prince Edward Island,-1.44,Column6,-2.81
Québec/Quebec,-6.23,Column6,-9.52
Saskatchewan/Saskatchewan,-3.32,Column6,-4.68
Yukon/Yukon Territory,-9.83,Column6,-13.85
75e centile/75th percentile,RCP2.6,Column6,
,2016-2035,Column6,2046-2065
Canada/Canada,0.04,Column6,-0.39
Alberta/Alberta,-1.21,Column6,-2.85
Colombie-Britannique/British Columbia,-4.63,Column6,-10.01
Manitoba/Manitoba,-0.58,Column6,-1.31
Nouveau-Brunswick/New Brunswick,-0.31,Column6,-2.40
Terre-Neuve-et-Labrador/Newfoundland & Labrador,-2.04,Column6,-2.55
Territoires du Nord-Ouest/Northwest Territories,0.21,Column6,0.29
Nouvelle-Écosse/Nova Scotia,0.00,Column6,-0.06
Nunavut/Nunavut,1.73,Column6,2.25
Ontario/Ontario,-0.83,Column6,-2.19
Île-du-Prince-Édouard/Prince Edward Island,-0.10,Column6,-0.34
Québec/Quebec,-0.81,Column6,-3.43
Saskatchewan/Saskatchewan,-0.83,Column6,-1.80
Yukon/Yukon Territory,-1.62,Column6,-2.90
50e centile/50th percentile,RCP2.6,Column6,
,2016-2035,Column6,2046-2065
Canada/Canada,-0.68,Column6,-1.41
Alberta/Alberta,0.00,Column6,0.00
Colombie-Britannique/British Columbia,-0.33,Column6,-0.74
Manitoba/Manitoba,-0.01,Column6,-0.01
Nouveau-Brunswick/New Brunswick,0.00,Column6,0.00
Terre-Neuve-et-Labrador/Newfoundland & Labrador,-0.06,Column6,-0.08
Territoires du Nord-Ouest/Northwest Territories,-0.13,Column6,-0.34
Nouvelle-Écosse/Nova Scotia,0.00,Column6,0.00
Nunavut/Nunavut,-1.97,Column6,-4.20
Ontario/Ontario,0.00,Column6,0.00
Île-du-Prince-Édouard/Prince Edward Island,0.00,Column6,0.00
Québec/Quebec,-0.06,Column6,-0.12
Saskatchewan/Saskatchewan,0.00,Column6,0.00
Yukon/Yukon Territory,-0.52,Column6,-1.39
25e centile/25th percentile,RCP2.6,Column6,
,2016-2035,Column6,2046-2065
Canada/Canada,-2.00,Column6,-4.46
Alberta/Alberta,-0.02,Column6,-0.03
Colombie-Britannique/British Columbia,-1.16,Column6,-2.05
Manitoba/Manitoba,-0.03,Column6,-0.03
Nouveau-Brunswick/New Brunswick,0.00,Column6,0.00
Terre-Neuve-et-Labrador/Newfoundland & Labrador,-0.27,Column6,-0.34
Territoires du Nord-Ouest/Northwest Territories,-0.62,Column6,-1.48
Nouvelle-Écosse/Nova Scotia,0.00,Column6,0.00
Nunavut/Nunavut,-5.64,Column6,-12.82
Ontario/Ontario,-0.01,Column6,-0.01
Île-du-Prince-Édouard/Prince Edward Island,0.00,Column6,0.00
Québec/Quebec,-0.24,Column6,-0.41
Saskatchewan/Saskatchewan,0.00,Column6,0.00
Yukon/Yukon Territory,-2.14,Column6,-3.47
75e centile/75th percentile,RCP2.6,Column6,
,2016-2035,Column6,2046-2065
Canada/Canada,-0.05,Column6,-0.24
Alberta/Alberta,0.00,Column6,0.00
Colombie-Britannique/British Columbia,-0.01,Column6,-0.03
Manitoba/Manitoba,0.00,Column6,0.00
Nouveau-Brunswick/New Brunswick,0.00,Column6,0.00
Terre-Neuve-et-Labrador/Newfoundland & Labrador,0.00,Column6,-0.01
Territoires du Nord-Ouest/Northwest Territories,0.00,Column6,-0.05
Nouvelle-Écosse/Nova Scotia,0.00,Column6,0.00
Nunavut/Nunavut,-0.05,Column6,-0.67
Ontario/Ontario,0.00,Column6,0.00
Île-du-Prince-Édouard/Prince Edward Island,0.00,Column6,0.00
Québec/Quebec,0.00,Column6,-0.01
Saskatchewan/Saskatchewan,0.00,Column6,0.00
Yukon/Yukon Territory,-0.09,Column6,-0.21
50e centile/50th percentile,RCP2.6,Column6,
,2016-2035,Column6,2046-2065
Canada/Canada,-0.81,Column6,-1.68
Alberta/Alberta,-0.45,Column6,-0.70
Colombie-Britannique/British Columbia,-1.16,Column6,-2.51
Manitoba/Manitoba,-0.51,Column6,-0.80
Nouveau-Brunswick/New Brunswick,-0.19,Column6,-0.34
Terre-Neuve-et-Labrador/Newfoundland & Labrador,-0.56,Column6,-1.26
Territoires du Nord-Ouest/Northwest Territories,-0.62,Column6,-1.37
Nouvelle-Écosse/Nova Scotia,-0.02,Column6,-0.03
Nunavut/Nunavut,-1.95,Column6,-4.26
Ontario/Ontario,-0.44,Column6,-0.85
Île-du-Prince-Édouard/Prince Edward Island,-0.03,Column6,-0.04
Québec/Quebec,-0.74,Column6,-1.42
Saskatchewan/Saskatchewan,-0.43,Column6,-0.63
Yukon/Yukon Territory,-1.54,Column6,-3.45
25e centile/25th percentile,RCP2.6,Column6,
,2016-2035,Column6,2046-2065
Canada/Canada,-2.12,Column6,-4.63
Alberta/Alberta,-0.83,Column6,-1.09
Colombie-Britannique/British Columbia,-2.17,Column6,-3.69
Manitoba/Manitoba,-0.93,Column6,-1.26
Nouveau-Brunswick/New Brunswick,-0.38,Column6,-0.52
Terre-Neuve-et-Labrador/Newfoundland & Labrador,-1.06,Column6,-1.87
Territoires du Nord-Ouest/Northwest Territories,-1.44,Column6,-2.66
Nouvelle-Écosse/Nova Scotia,-0.05,Column6,-0.07
Nunavut/Nunavut,-5.19,Column6,-12.04
Ontario/Ontario,-0.81,Column6,-1.21
Île-du-Prince-Édouard/Prince Edward Island,-0.10,Column6,-0.12
Québec/Quebec,-1.22,Column6,-1.91
Saskatchewan/Saskatchewan,-0.78,Column6,-1.00
Yukon/Yukon Territory,-3.05,Column6,-5.73
75e centile/75th percentile,RCP2.6,Column6,
,2016-2035,Column6,2046-2065
Canada/Canada,-0.08,Column6,-0.41
Alberta/Alberta,-0.21,Column6,-0.36
Colombie-Britannique/British Columbia,-0.43,Column6,-1.43
Manitoba/Manitoba,-0.14,Column6,-0.40
Nouveau-Brunswick/New Brunswick,-0.11,Column6,-0.17
Terre-Neuve-et-Labrador/Newfoundland & Labrador,-0.16,Column6,-0.82
Territoires du Nord-Ouest/Northwest Territories,-0.04,Column6,-0.65
Nouvelle-Écosse/Nova Scotia,0.00,Column6,-0.01
Nunavut/Nunavut,-0.02,Column6,-0.79
Ontario/Ontario,-0.20,Column6,-0.55
Île-du-Prince-Édouard/Prince Edward Island,-0.01,Column6,-0.03
Québec/Quebec,-0.31,Column6,-0.90
Saskatchewan/Saskatchewan,-0.12,Column6,-0.36
Yukon/Yukon Territory,-0.70,Column6,-1.85
50e centile/50th percentile,RCP2.6,Column7,
,2016-2035,Column7,2081-2100
Canada/Canada,-1.00,Column7,-2.82
Alberta/Alberta,-1.31,Column7,-3.22
Colombie-Britannique/British Columbia,-4.14,Column7,-10.54
Manitoba/Manitoba,-0.93,Column7,-1.93
Nouveau-Brunswick/New Brunswick,-0.80,Column7,-3.12
Terre-Neuve-et-Labrador/Newfoundland & Labrador,-2.21,Column7,-4.42
Territoires du Nord-Ouest/Northwest Territories,-0.69,Column7,-1.62
Nouvelle-Écosse/Nova Scotia,-0.19,Column7,-0.48
Nunavut/Nunavut,-1.46,Column7,-4.67
Ontario/Ontario,-1.25,Column7,-2.81
Île-du-Prince-Édouard/Prince Edward Island,-0.41,Column7,-1.28
Québec/Quebec,-1.60,Column7,-3.61
Saskatchewan/Saskatchewan,-0.92,Column7,-2.21
Yukon/Yukon Territory,-2.44,Column7,-5.56
25e centile/25th percentile,RCP2.6,Column7,
,2016-2035,Column7,2081-2100
Canada/Canada,-1.99,Column7,-7.71
Alberta/Alberta,-1.31,Column7,-2.60
Colombie-Britannique/British Columbia,-4.65,Column7,-10.91
Manitoba/Manitoba,-1.22,Column7,-2.36
Nouveau-Brunswick/New Brunswick,-1.12,Column7,-2.73
Terre-Neuve-et-Labrador/Newfoundland & Labrador,-2.44,Column7,-5.06
Territoires du Nord-Ouest/Northwest Territories,-1.44,Column7,-3.78
Nouvelle-Écosse/Nova Scotia,-0.16,Column7,-0.41
Nunavut/Nunavut,-4.45,Column7,-19.51
Ontario/Ontario,-1.24,Column7,-2.58
Île-du-Prince-Édouard/Prince Edward Island,-0.39,Column7,-0.99
Québec/Quebec,-1.95,Column7,-4.03
Saskatchewan/Saskatchewan,-1.01,Column7,-2.09
Yukon/Yukon Territory,-3.77,Column7,-9.73
75e centile/75th percentile,RCP2.6,Column7,
,2016-2035,Column7,2081-2100
Canada/Canada,-0.02,Column7,-0.42
Alberta/Alberta,-0.36,Column7,-1.08
Colombie-Britannique/British Columbia,-1.27,Column7,-3.70
Manitoba/Manitoba,-0.18,Column7,-0.72
Nouveau-Brunswick/New Brunswick,-0.10,Column7,-0.56
Terre-Neuve-et-Labrador/Newfoundland & Labrador,-0.55,Column7,-1.39
Territoires du Nord-Ouest/Northwest Territories,0.05,Column7,-0.46
Nouvelle-Écosse/Nova Scotia,0.00,Column7,-0.03
Nunavut/Nunavut,0.42,Column7,0.04
Ontario/Ontario,-0.26,Column7,-0.93
Île-du-Prince-Édouard/Prince Edward Island,-0.03,Column7,-0.10
Québec/Quebec,-0.28,Column7,-1.27
Saskatchewan/Saskatchewan,-0.24,Column7,-0.80
Yukon/Yukon Territory,-0.60,Column7,-1.51
50e centile/50th percentile,RCP2.6,Column7,
,2016-2035,Column7,2081-2100
Canada/Canada,-1.20,Column7,-3.30
Alberta/Alberta,-2.10,Column7,-6.50
Colombie-Britannique/British Columbia,-6.20,Column7,-17.40
Manitoba/Manitoba,-1.10,Column7,-2.60
Nouveau-Brunswick/New Brunswick,-1.70,Column7,-6.70
Terre-Neuve-et-Labrador/Newfoundland & Labrador,-3.60,Column7,-7.10
Territoires du Nord-Ouest/Northwest Territories,-0.40,Column7,-0.90
Nouvelle-Écosse/Nova Scotia,-0.60,Column7,-1.50
Nunavut/Nunavut,-0.90,Column7,-3.40
Ontario/Ontario,-2.10,Column7,-5.00
Île-du-Prince-Édouard/Prince Edward Island,-1.20,Column7,-3.10
Québec/Quebec,-2.30,Column7,-5.40
Saskatchewan/Saskatchewan,-1.40,Column7,-4.10
Yukon/Yukon Territory,-2.80,Column7,-6.30
25e centile/25th percentile,RCP2.6,Column7,
,2016-2035,Column7,2081-2100
Canada/Canada,-3.00,Column7,-8.00
Alberta/Alberta,-4.70,Column7,-9.20
Colombie-Britannique/British Columbia,-10.10,Column7,-24.40
Manitoba/Manitoba,-2.90,Column7,-4.90
Nouveau-Brunswick/New Brunswick,-2.90,Column7,-9.70
Terre-Neuve-et-Labrador/Newfoundland & Labrador,-6.00,Column7,-10.70
Territoires du Nord-Ouest/Northwest Territories,-1.70,Column7,-3.50
Nouvelle-Écosse/Nova Scotia,-1.10,Column7,-2.70
Nunavut/Nunavut,-4.50,Column7,-14.40
Ontario/Ontario,-3.50,Column7,-7.40
Île-du-Prince-Édouard/Prince Edward Island,-2.40,Column7,-7.10
Québec/Quebec,-4.10,Column7,-8.40
Saskatchewan/Saskatchewan,-3.40,Column7,-7.00
Yukon/Yukon Territory,-5.70,Column7,-11.30
75e centile/75th percentile,RCP2.6,Column7,
,2016-2035,Column7,2081-2100
Canada/Canada,0.20,Column7,-0.70
Alberta/Alberta,-0.50,Column7,-3.60
Colombie-Britannique/British Columbia,-3.20,Column7,-11.40
Manitoba/Manitoba,0.10,Column7,-1.20
Nouveau-Brunswick/New Brunswick,0.20,Column7,-5.00
Terre-Neuve-et-Labrador/Newfoundland & Labrador,-1.20,Column7,-3.10
Territoires du Nord-Ouest/Northwest Territories,1.10,Column7,0.90
Nouvelle-Écosse/Nova Scotia,0.00,Column7,-0.90
Nunavut/Nunavut,1.80,Column7,2.30
Ontario/Ontario,-0.40,Column7,-2.90
Île-du-Prince-Édouard/Prince Edward Island,-0.50,Column7,-2.30
Québec/Quebec,-0.50,Column7,-3.00
Saskatchewan/Saskatchewan,-0.10,Column7,-2.40
Yukon/Yukon Territory,0.30,Column7,-1.40
50e centile/50th percentile,RCP2.6,Column7,
,2016-2035,Column7,2081-2100
Canada/Canada,-1.38,Column7,-3.39
Alberta/Alberta,-2.69,Column7,-5.50
Colombie-Britannique/British Columbia,-8.87,Column7,-20.94
Manitoba/Manitoba,-2.11,Column7,-3.97
Nouveau-Brunswick/New Brunswick,-1.34,Column7,-5.39
Terre-Neuve-et-Labrador/Newfoundland & Labrador,-4.64,Column7,-8.95
Territoires du Nord-Ouest/Northwest Territories,-1.62,Column7,-3.22
Nouvelle-Écosse/Nova Scotia,-0.10,Column7,-0.42
Nunavut/Nunavut,-0.98,Column7,-3.40
Ontario/Ontario,-2.43,Column7,-5.24
Île-du-Prince-Édouard/Prince Edward Island,-0.38,Column7,-1.96
Québec/Quebec,-3.24,Column7,-7.20
Saskatchewan/Saskatchewan,-1.85,Column7,-3.88
Yukon/Yukon Territory,-4.95,Column7,-10.48
25e centile/25th percentile,RCP2.6,Column7,
,2016-2035,Column7,2081-2100
Canada/Canada,-3.41,Column7,-8.24
Alberta/Alberta,-4.51,Column7,-7.96
Colombie-Britannique/British Columbia,-15.16,Column7,-32.72
Manitoba/Manitoba,-3.92,Column7,-6.42
Nouveau-Brunswick/New Brunswick,-4.10,Column7,-10.04
Terre-Neuve-et-Labrador/Newfoundland & Labrador,-8.32,Column7,-15.58
Territoires du Nord-Ouest/Northwest Territories,-3.34,Column7,-6.26
Nouvelle-Écosse/Nova Scotia,-0.59,Column7,-1.53
Nunavut/Nunavut,-4.81,Column7,-14.09
Ontario/Ontario,-4.12,Column7,-7.88
Île-du-Prince-Édouard/Prince Edward Island,-1.44,Column7,-3.74
Québec/Quebec,-6.23,Column7,-11.23
Saskatchewan/Saskatchewan,-3.32,Column7,-6.20
Yukon/Yukon Territory,-9.83,Column7,-19.49
75e centile/75th percentile,RCP2.6,Column7,
,2016-2035,Column7,2081-2100
Canada/Canada,0.04,Column7,-0.67
Alberta/Alberta,-1.21,Column7,-3.77
Colombie-Britannique/British Columbia,-4.63,Column7,-12.87
Manitoba/Manitoba,-0.58,Column7,-2.24
Nouveau-Brunswick/New Brunswick,-0.31,Column7,-1.93
Terre-Neuve-et-Labrador/Newfoundland & Labrador,-2.04,Column7,-4.60
Territoires du Nord-Ouest/Northwest Territories,0.21,Column7,-0.62
Nouvelle-Écosse/Nova Scotia,0.00,Column7,-0.08
Nunavut/Nunavut,1.73,Column7,2.46
Ontario/Ontario,-0.83,Column7,-3.07
Île-du-Prince-Édouard/Prince Edward Island,-0.10,Column7,-0.36
Québec/Quebec,-0.81,Column7,-3.92
Saskatchewan/Saskatchewan,-0.83,Column7,-2.70
Yukon/Yukon Territory,-1.62,Column7,-3.94
50e centile/50th percentile,RCP2.6,Column7,
,2016-2035,Column7,2081-2100
Canada/Canada,-0.68,Column7,-2.10
Alberta/Alberta,0.00,Column7,0.00
Colombie-Britannique/British Columbia,-0.33,Column7,-0.74
Manitoba/Manitoba,-0.01,Column7,-0.01
Nouveau-Brunswick/New Brunswick,0.00,Column7,0.00
Terre-Neuve-et-Labrador/Newfoundland & Labrador,-0.06,Column7,-0.11
Territoires du Nord-Ouest/Northwest Territories,-0.13,Column7,-0.37
Nouvelle-Écosse/Nova Scotia,0.00,Column7,0.00
Nunavut/Nunavut,-1.97,Column7,-5.66
Ontario/Ontario,0.00,Column7,0.00
Île-du-Prince-Édouard/Prince Edward Island,0.00,Column7,0.00
Québec/Quebec,-0.06,Column7,-0.16
Saskatchewan/Saskatchewan,0.00,Column7,0.00
Yukon/Yukon Territory,-0.52,Column7,-1.73
25e centile/25th percentile,RCP2.6,Column7,
,2016-2035,Column7,2081-2100
Canada/Canada,-2.00,Column7,-6.25
Alberta/Alberta,-0.02,Column7,-0.03
Colombie-Britannique/British Columbia,-1.16,Column7,-2.31
Manitoba/Manitoba,-0.03,Column7,-0.04
Nouveau-Brunswick/New Brunswick,0.00,Column7,0.00
Terre-Neuve-et-Labrador/Newfoundland & Labrador,-0.27,Column7,-0.72
Territoires du Nord-Ouest/Northwest Territories,-0.62,Column7,-1.75
Nouvelle-Écosse/Nova Scotia,0.00,Column7,0.00
Nunavut/Nunavut,-5.64,Column7,-17.95
Ontario/Ontario,-0.01,Column7,-0.01
Île-du-Prince-Édouard/Prince Edward Island,0.00,Column7,0.00
Québec/Quebec,-0.24,Column7,-0.53
Saskatchewan/Saskatchewan,0.00,Column7,0.00
Yukon/Yukon Territory,-2.14,Column7,-4.13
75e centile/75th percentile,RCP2.6,Column7,
,2016-2035,Column7,2081-2100
Canada/Canada,-0.05,Column7,-0.37
Alberta/Alberta,0.00,Column7,0.00
Colombie-Britannique/British Columbia,-0.01,Column7,-0.03
Manitoba/Manitoba,0.00,Column7,0.00
Nouveau-Brunswick/New Brunswick,0.00,Column7,0.00
Terre-Neuve-et-Labrador/Newfoundland & Labrador,0.00,Column7,-0.01
Territoires du Nord-Ouest/Northwest Territories,0.00,Column7,-0.08
Nouvelle-Écosse/Nova Scotia,0.00,Column7,0.00
Nunavut/Nunavut,-0.05,Column7,-0.96
Ontario/Ontario,0.00,Column7,0.00
Île-du-Prince-Édouard/Prince Edward Island,0.00,Column7,0.00
Québec/Quebec,0.00,Column7,-0.01
Saskatchewan/Saskatchewan,0.00,Column7,0.00
Yukon/Yukon Territory,-0.09,Column7,-0.20
50e centile/50th percentile,RCP2.6,Column7,
,2016-2035,Column7,2081-2100
Canada/Canada,-0.81,Column7,-2.48
Alberta/Alberta,-0.45,Column7,-0.90
Colombie-Britannique/British Columbia,-1.16,Column7,-3.07
Manitoba/Manitoba,-0.51,Column7,-1.07
Nouveau-Brunswick/New Brunswick,-0.19,Column7,-0.38
Terre-Neuve-et-Labrador/Newfoundland & Labrador,-0.56,Column7,-1.50
Territoires du Nord-Ouest/Northwest Territories,-0.62,Column7,-2.03
Nouvelle-Écosse/Nova Scotia,-0.02,Column7,-0.04
Nunavut/Nunavut,-1.95,Column7,-6.18
Ontario/Ontario,-0.44,Column7,-0.97
Île-du-Prince-Édouard/Prince Edward Island,-0.03,Column7,-0.07
Québec/Quebec,-0.74,Column7,-1.70
Saskatchewan/Saskatchewan,-0.43,Column7,-0.83
Yukon/Yukon Territory,-1.54,Column7,-3.76
25e centile/25th percentile,RCP2.6,Column7,
,2016-2035,Column7,2081-2100
Canada/Canada,-2.12,Column7,-6.54
Alberta/Alberta,-0.83,Column7,-1.38
Colombie-Britannique/British Columbia,-2.17,Column7,-4.74
Manitoba/Manitoba,-0.93,Column7,-1.66
Nouveau-Brunswick/New Brunswick,-0.38,Column7,-0.55
Terre-Neuve-et-Labrador/Newfoundland & Labrador,-1.06,Column7,-2.14
Territoires du Nord-Ouest/Northwest Territories,-1.44,Column7,-3.46
Nouvelle-Écosse/Nova Scotia,-0.05,Column7,-0.07
Nunavut/Nunavut,-5.19,Column7,-17.26
Ontario/Ontario,-0.81,Column7,-1.47
Île-du-Prince-Édouard/Prince Edward Island,-0.10,Column7,-0.10
Québec/Quebec,-1.22,Column7,-2.47
Saskatchewan/Saskatchewan,-0.78,Column7,-1.25
Yukon/Yukon Territory,-3.05,Column7,-6.59
75e centile/75th percentile,RCP2.6,Column7,
,2016-2035,Column7,2081-2100
Canada/Canada,-0.08,Column7,-0.63
Alberta/Alberta,-0.21,Column7,-0.51
Colombie-Britannique/British Columbia,-0.43,Column7,-1.77
Manitoba/Manitoba,-0.14,Column7,-0.62
Nouveau-Brunswick/New Brunswick,-0.11,Column7,-0.26
Terre-Neuve-et-Labrador/Newfoundland & Labrador,-0.16,Column7,-0.94
Territoires du Nord-Ouest/Northwest Territories,-0.04,Column7,-1.13
Nouvelle-Écosse/Nova Scotia,0.00,Column7,-0.02
Nunavut/Nunavut,-0.02,Column7,-1.37
Ontario/Ontario,-0.20,Column7,-0.63
Île-du-Prince-Édouard/Prince Edward Island,-0.01,Column7,-0.04
Québec/Quebec,-0.31,Column7,-1.12
Saskatchewan/Saskatchewan,-0.12,Column7,-0.48
Yukon/Yukon Territory,-0.70,Column7,-1.91
50e centile/50th percentile,RCP2.6,Column8,RCP8.5
,2016-2035,Column8,2016-2035
Canada/Canada,-1.00,Column8,-1.08
Alberta/Alberta,-1.31,Column8,-1.74
Colombie-Britannique/British Columbia,-4.14,Column8,-5.01
Manitoba/Manitoba,-0.93,Column8,-1.01
Nouveau-Brunswick/New Brunswick,-0.80,Column8,-1.49
Terre-Neuve-et-Labrador/Newfoundland & Labrador,-2.21,Column8,-2.07
Territoires du Nord-Ouest/Northwest Territories,-0.69,Column8,-0.74
Nouvelle-Écosse/Nova Scotia,-0.19,Column8,-0.21
Nunavut/Nunavut,-1.46,Column8,-1.64
Ontario/Ontario,-1.25,Column8,-1.47
Île-du-Prince-Édouard/Prince Edward Island,-0.41,Column8,-0.52
Québec/Quebec,-1.60,Column8,-2.01
Saskatchewan/Saskatchewan,-0.92,Column8,-1.19
Yukon/Yukon Territory,-2.44,Column8,-2.34
25e centile/25th percentile,RCP2.6,Column8,RCP8.5
,2016-2035,Column8,2016-2035
Canada/Canada,-1.99,Column8,-2.09
Alberta/Alberta,-1.31,Column8,-1.62
Colombie-Britannique/British Columbia,-4.65,Column8,-5.28
Manitoba/Manitoba,-1.22,Column8,-1.24
Nouveau-Brunswick/New Brunswick,-1.12,Column8,-1.26
Terre-Neuve-et-Labrador/Newfoundland & Labrador,-2.44,Column8,-2.74
Territoires du Nord-Ouest/Northwest Territories,-1.44,Column8,-1.52
Nouvelle-Écosse/Nova Scotia,-0.16,Column8,-0.15
Nunavut/Nunavut,-4.45,Column8,-4.56
Ontario/Ontario,-1.24,Column8,-1.38
Île-du-Prince-Édouard/Prince Edward Island,-0.39,Column8,-0.33
Québec/Quebec,-1.95,Column8,-2.20
Saskatchewan/Saskatchewan,-1.01,Column8,-1.18
Yukon/Yukon Territory,-3.77,Column8,-3.81
75e centile/75th percentile,RCP2.6,Column8,RCP8.5
,2016-2035,Column8,2016-2035
Canada/Canada,-0.02,Column8,-0.02
Alberta/Alberta,-0.36,Column8,-0.43
Colombie-Britannique/British Columbia,-1.27,Column8,-1.41
Manitoba/Manitoba,-0.18,Column8,-0.18
Nouveau-Brunswick/New Brunswick,-0.10,Column8,-0.26
Terre-Neuve-et-Labrador/Newfoundland & Labrador,-0.55,Column8,-0.37
Territoires du Nord-Ouest/Northwest Territories,0.05,Column8,0.13
Nouvelle-Écosse/Nova Scotia,0.00,Column8,-0.01
Nunavut/Nunavut,0.42,Column8,0.36
Ontario/Ontario,-0.26,Column8,-0.38
Île-du-Prince-Édouard/Prince Edward Island,-0.03,Column8,-0.05
Québec/Quebec,-0.28,Column8,-0.49
Saskatchewan/Saskatchewan,-0.24,Column8,-0.29
Yukon/Yukon Territory,-0.60,Column8,-0.26
50e centile/50th percentile,RCP2.6,Column8,RCP8.5
,2016-2035,Column8,2016-2035
Canada/Canada,-1.20,Column8,-1.20
Alberta/Alberta,-2.10,Column8,-3.20
Colombie-Britannique/British Columbia,-6.20,Column8,-7.90
Manitoba/Manitoba,-1.10,Column8,-1.10
Nouveau-Brunswick/New Brunswick,-1.70,Column8,-3.50
Terre-Neuve-et-Labrador/Newfoundland & Labrador,-3.60,Column8,-3.00
Territoires du Nord-Ouest/Northwest Territories,-0.40,Column8,-0.20
Nouvelle-Écosse/Nova Scotia,-0.60,Column8,-0.70
Nunavut/Nunavut,-0.90,Column8,-0.90
Ontario/Ontario,-2.10,Column8,-2.40
Île-du-Prince-Édouard/Prince Edward Island,-1.20,Column8,-1.50
Québec/Quebec,-2.30,Column8,-2.90
Saskatchewan/Saskatchewan,-1.40,Column8,-2.00
Yukon/Yukon Territory,-2.80,Column8,-2.50
25e centile/25th percentile,RCP2.6,Column8,RCP8.5
,2016-2035,Column8,2016-2035
Canada/Canada,-3.00,Column8,-3.40
Alberta/Alberta,-4.70,Column8,-5.10
Colombie-Britannique/British Columbia,-10.10,Column8,-12.10
Manitoba/Manitoba,-2.90,Column8,-3.10
Nouveau-Brunswick/New Brunswick,-2.90,Column8,-5.00
Terre-Neuve-et-Labrador/Newfoundland & Labrador,-6.00,Column8,-5.60
Territoires du Nord-Ouest/Northwest Territories,-1.70,Column8,-2.00
Nouvelle-Écosse/Nova Scotia,-1.10,Column8,-1.40
Nunavut/Nunavut,-4.50,Column8,-5.40
Ontario/Ontario,-3.50,Column8,-4.30
Île-du-Prince-Édouard/Prince Edward Island,-2.40,Column8,-3.20
Québec/Quebec,-4.10,Column8,-4.70
Saskatchewan/Saskatchewan,-3.40,Column8,-3.90
Yukon/Yukon Territory,-5.70,Column8,-5.80
75e centile/75th percentile,RCP2.6,Column8,RCP8.5
,2016-2035,Column8,2016-2035
Canada/Canada,0.20,Column8,0.10
Alberta/Alberta,-0.50,Column8,-1.10
Colombie-Britannique/British Columbia,-3.20,Column8,-3.60
Manitoba/Manitoba,0.10,Column8,0.30
Nouveau-Brunswick/New Brunswick,0.20,Column8,-1.40
Terre-Neuve-et-Labrador/Newfoundland & Labrador,-1.20,Column8,-0.60
Territoires du Nord-Ouest/Northwest Territories,1.10,Column8,1.30
Nouvelle-Écosse/Nova Scotia,0.00,Column8,-0.20
Nunavut/Nunavut,1.80,Column8,1.70
Ontario/Ontario,-0.40,Column8,-0.80
Île-du-Prince-Édouard/Prince Edward Island,-0.50,Column8,-0.80
Québec/Quebec,-0.50,Column8,-0.80
Saskatchewan/Saskatchewan,-0.10,Column8,-0.50
Yukon/Yukon Territory,0.30,Column8,0.30
50e centile/50th percentile,RCP2.6,Column8,RCP8.5
,2016-2035,Column8,2016-2035
Canada/Canada,-1.38,Column8,-1.48
Alberta/Alberta,-2.69,Column8,-3.30
Colombie-Britannique/British Columbia,-8.87,Column8,-10.20
Manitoba/Manitoba,-2.11,Column8,-2.42
Nouveau-Brunswick/New Brunswick,-1.34,Column8,-2.24
Terre-Neuve-et-Labrador/Newfoundland & Labrador,-4.64,Column8,-4.46
Territoires du Nord-Ouest/Northwest Territories,-1.62,Column8,-1.67
Nouvelle-Écosse/Nova Scotia,-0.10,Column8,-0.14
Nunavut/Nunavut,-0.98,Column8,-1.13
Ontario/Ontario,-2.43,Column8,-3.03
Île-du-Prince-Édouard/Prince Edward Island,-0.38,Column8,-0.52
Québec/Quebec,-3.24,Column8,-4.26
Saskatchewan/Saskatchewan,-1.85,Column8,-2.24
Yukon/Yukon Territory,-4.95,Column8,-4.38
25e centile/25th percentile,RCP2.6,Column8,RCP8.5
,2016-2035,Column8,2016-2035
Canada/Canada,-3.41,Column8,-3.79
Alberta/Alberta,-4.51,Column8,-5.46
Colombie-Britannique/British Columbia,-15.16,Column8,-17.35
Manitoba/Manitoba,-3.92,Column8,-3.97
Nouveau-Brunswick/New Brunswick,-4.10,Column8,-4.61
Terre-Neuve-et-Labrador/Newfoundland & Labrador,-8.32,Column8,-9.51
Territoires du Nord-Ouest/Northwest Territories,-3.34,Column8,-3.71
Nouvelle-Écosse/Nova Scotia,-0.59,Column8,-0.55
Nunavut/Nunavut,-4.81,Column8,-5.74
Ontario/Ontario,-4.12,Column8,-4.66
Île-du-Prince-Édouard/Prince Edward Island,-1.44,Column8,-1.22
Québec/Quebec,-6.23,Column8,-7.01
Saskatchewan/Saskatchewan,-3.32,Column8,-3.84
Yukon/Yukon Territory,-9.83,Column8,-9.94
75e centile/75th percentile,RCP2.6,Column8,RCP8.5
,2016-2035,Column8,2016-2035
Canada/Canada,0.04,Column8,0.07
Alberta/Alberta,-1.21,Column8,-1.50
Colombie-Britannique/British Columbia,-4.63,Column8,-4.87
Manitoba/Manitoba,-0.58,Column8,-0.57
Nouveau-Brunswick/New Brunswick,-0.31,Column8,-0.95
Terre-Neuve-et-Labrador/Newfoundland & Labrador,-2.04,Column8,-1.17
Territoires du Nord-Ouest/Northwest Territories,0.21,Column8,0.60
Nouvelle-Écosse/Nova Scotia,0.00,Column8,-0.02
Nunavut/Nunavut,1.73,Column8,1.77
Ontario/Ontario,-0.83,Column8,-1.29
Île-du-Prince-Édouard/Prince Edward Island,-0.10,Column8,-0.19
Québec/Quebec,-0.81,Column8,-1.54
Saskatchewan/Saskatchewan,-0.83,Column8,-0.94
Yukon/Yukon Territory,-1.62,Column8,-0.24
50e centile/50th percentile,RCP2.6,Column8,RCP8.5
,2016-2035,Column8,2016-2035
Canada/Canada,-0.68,Column8,-0.74
Alberta/Alberta,0.00,Column8,0.00
Colombie-Britannique/British Columbia,-0.33,Column8,-0.31
Manitoba/Manitoba,-0.01,Column8,-0.01
Nouveau-Brunswick/New Brunswick,0.00,Column8,0.00
Terre-Neuve-et-Labrador/Newfoundland & Labrador,-0.06,Column8,-0.05
Territoires du Nord-Ouest/Northwest Territories,-0.13,Column8,-0.19
Nouvelle-Écosse/Nova Scotia,0.00,Column8,0.00
Nunavut/Nunavut,-1.97,Column8,-2.27
Ontario/Ontario,0.00,Column8,0.00
Île-du-Prince-Édouard/Prince Edward Island,0.00,Column8,0.00
Québec/Quebec,-0.06,Column8,-0.09
Saskatchewan/Saskatchewan,0.00,Column8,0.00
Yukon/Yukon Territory,-0.52,Column8,-0.60
25e centile/25th percentile,RCP2.6,Column8,RCP8.5
,2016-2035,Column8,2016-2035
Canada/Canada,-2.00,Column8,-2.17
Alberta/Alberta,-0.02,Column8,-0.02
Colombie-Britannique/British Columbia,-1.16,Column8,-1.13
Manitoba/Manitoba,-0.03,Column8,-0.03
Nouveau-Brunswick/New Brunswick,0.00,Column8,0.00
Terre-Neuve-et-Labrador/Newfoundland & Labrador,-0.27,Column8,-0.16
Territoires du Nord-Ouest/Northwest Territories,-0.62,Column8,-0.63
Nouvelle-Écosse/Nova Scotia,0.00,Column8,0.00
Nunavut/Nunavut,-5.64,Column8,-6.43
Ontario/Ontario,-0.01,Column8,-0.01
Île-du-Prince-Édouard/Prince Edward Island,0.00,Column8,0.00
Québec/Quebec,-0.24,Column8,-0.27
Saskatchewan/Saskatchewan,0.00,Column8,0.00
Yukon/Yukon Territory,-2.14,Column8,-2.00
75e centile/75th percentile,RCP2.6,Column8,RCP8.5
,2016-2035,Column8,2016-2035
Canada/Canada,-0.05,Column8,-0.07
Alberta/Alberta,0.00,Column8,0.00
Colombie-Britannique/British Columbia,-0.01,Column8,-0.01
Manitoba/Manitoba,0.00,Column8,0.00
Nouveau-Brunswick/New Brunswick,0.00,Column8,0.00
Terre-Neuve-et-Labrador/Newfoundland & Labrador,0.00,Column8,0.00
Territoires du Nord-Ouest/Northwest Territories,0.00,Column8,-0.01
Nouvelle-Écosse/Nova Scotia,0.00,Column8,0.00
Nunavut/Nunavut,-0.05,Column8,-0.22
Ontario/Ontario,0.00,Column8,0.00
Île-du-Prince-Édouard/Prince Edward Island,0.00,Column8,0.00
Québec/Quebec,0.00,Column8,-0.01
Saskatchewan/Saskatchewan,0.00,Column8,0.00
Yukon/Yukon Territory,-0.09,Column8,-0.05
50e centile/50th percentile,RCP2.6,Column8,RCP8.5
,2016-2035,Column8,2016-2035
Canada/Canada,-0.81,Column8,-0.88
Alberta/Alberta,-0.45,Column8,-0.51
Colombie-Britannique/British Columbia,-1.16,Column8,-1.63
Manitoba/Manitoba,-0.51,Column8,-0.51
Nouveau-Brunswick/New Brunswick,-0.19,Column8,-0.25
Terre-Neuve-et-Labrador/Newfoundland & Labrador,-0.56,Column8,-0.74
Territoires du Nord-Ouest/Northwest Territories,-0.62,Column8,-0.91
Nouvelle-Écosse/Nova Scotia,-0.02,Column8,-0.01
Nunavut/Nunavut,-1.95,Column8,-2.24
Ontario/Ontario,-0.44,Column8,-0.48
Île-du-Prince-Édouard/Prince Edward Island,-0.03,Column8,-0.03
Québec/Quebec,-0.74,Column8,-0.82
Saskatchewan/Saskatchewan,-0.43,Column8,-0.48
Yukon/Yukon Territory,-1.54,Column8,-1.92
25e centile/25th percentile,RCP2.6,Column8,RCP8.5
,2016-2035,Column8,2016-2035
Canada/Canada,-2.12,Column8,-2.36
Alberta/Alberta,-0.83,Column8,-0.94
Colombie-Britannique/British Columbia,-2.17,Column8,-2.53
Manitoba/Manitoba,-0.93,Column8,-0.94
Nouveau-Brunswick/New Brunswick,-0.38,Column8,-0.39
Terre-Neuve-et-Labrador/Newfoundland & Labrador,-1.06,Column8,-1.24
Territoires du Nord-Ouest/Northwest Territories,-1.44,Column8,-1.71
Nouvelle-Écosse/Nova Scotia,-0.05,Column8,-0.05
Nunavut/Nunavut,-5.19,Column8,-6.03
Ontario/Ontario,-0.81,Column8,-0.82
Île-du-Prince-Édouard/Prince Edward Island,-0.10,Column8,-0.06
Québec/Quebec,-1.22,Column8,-1.46
Saskatchewan/Saskatchewan,-0.78,Column8,-0.85
Yukon/Yukon Territory,-3.05,Column8,-3.24
75e centile/75th percentile,RCP2.6,Column8,RCP8.5
,2016-2035,Column8,2016-2035
Canada/Canada,-0.08,Column8,-0.08
Alberta/Alberta,-0.21,Column8,-0.19
Colombie-Britannique/British Columbia,-0.43,Column8,-0.74
Manitoba/Manitoba,-0.14,Column8,-0.17
Nouveau-Brunswick/New Brunswick,-0.11,Column8,-0.09
Terre-Neuve-et-Labrador/Newfoundland & Labrador,-0.16,Column8,-0.28
Territoires du Nord-Ouest/Northwest Territories,-0.04,Column8,-0.09
Nouvelle-Écosse/Nova Scotia,0.00,Column8,0.00
Nunavut/Nunavut,-0.02,Column8,-0.14
Ontario/Ontario,-0.20,Column8,-0.22
Île-du-Prince-Édouard/Prince Edward Island,-0.01,Column8,-0.01
Québec/Quebec,-0.31,Column8,-0.40
Saskatchewan/Saskatchewan,-0.12,Column8,-0.23
Yukon/Yukon Territory,-0.70,Column8,-0.74
50e centile/50th percentile,RCP2.6,Column9,
,2016-2035,Column9,2046-2065
Canada/Canada,-1.00,Column9,-2.68
Alberta/Alberta,-1.31,Column9,-3.23
Colombie-Britannique/British Columbia,-4.14,Column9,-10.57
Manitoba/Manitoba,-0.93,Column9,-2.28
Nouveau-Brunswick/New Brunswick,-0.80,Column9,-3.68
Terre-Neuve-et-Labrador/Newfoundland & Labrador,-2.21,Column9,-5.46
Territoires du Nord-Ouest/Northwest Territories,-0.69,Column9,-1.60
Nouvelle-Écosse/Nova Scotia,-0.19,Column9,-0.53
Nunavut/Nunavut,-1.46,Column9,-4.05
Ontario/Ontario,-1.25,Column9,-3.12
Île-du-Prince-Édouard/Prince Edward Island,-0.41,Column9,-1.35
Québec/Quebec,-1.60,Column9,-4.27
Saskatchewan/Saskatchewan,-0.92,Column9,-2.30
Yukon/Yukon Territory,-2.44,Column9,-6.31
25e centile/25th percentile,RCP2.6,Column9,
,2016-2035,Column9,2046-2065
Canada/Canada,-1.99,Column9,-4.88
Alberta/Alberta,-1.31,Column9,-2.45
Colombie-Britannique/British Columbia,-4.65,Column9,-10.10
Manitoba/Manitoba,-1.22,Column9,-2.05
Nouveau-Brunswick/New Brunswick,-1.12,Column9,-2.81
Terre-Neuve-et-Labrador/Newfoundland & Labrador,-2.44,Column9,-5.24
Territoires du Nord-Ouest/Northwest Territories,-1.44,Column9,-2.75
Nouvelle-Écosse/Nova Scotia,-0.16,Column9,-0.37
Nunavut/Nunavut,-4.45,Column9,-10.78
Ontario/Ontario,-1.24,Column9,-2.49
Île-du-Prince-Édouard/Prince Edward Island,-0.39,Column9,-0.89
Québec/Quebec,-1.95,Column9,-3.89
Saskatchewan/Saskatchewan,-1.01,Column9,-1.84
Yukon/Yukon Territory,-3.77,Column9,-7.24
75e centile/75th percentile,RCP2.6,Column9,
,2016-2035,Column9,2046-2065
Canada/Canada,-0.02,Column9,-0.47
Alberta/Alberta,-0.36,Column9,-1.01
Colombie-Britannique/British Columbia,-1.27,Column9,-3.54
Manitoba/Manitoba,-0.18,Column9,-0.77
Nouveau-Brunswick/New Brunswick,-0.10,Column9,-0.64
Terre-Neuve-et-Labrador/Newfoundland & Labrador,-0.55,Column9,-1.92
Territoires du Nord-Ouest/Northwest Territories,0.05,Column9,-0.44
Nouvelle-Écosse/Nova Scotia,0.00,Column9,-0.03
Nunavut/Nunavut,0.42,Column9,-0.07
Ontario/Ontario,-0.26,Column9,-0.81
Île-du-Prince-Édouard/Prince Edward Island,-0.03,Column9,-0.13
Québec/Quebec,-0.28,Column9,-1.51
Saskatchewan/Saskatchewan,-0.24,Column9,-0.69
Yukon/Yukon Territory,-0.60,Column9,-2.21
50e centile/50th percentile,RCP2.6,Column9,
,2016-2035,Column9,2046-2065
Canada/Canada,-1.20,Column9,-3.10
Alberta/Alberta,-2.10,Column9,-6.20
Colombie-Britannique/British Columbia,-6.20,Column9,-18.30
Manitoba/Manitoba,-1.10,Column9,-3.70
Nouveau-Brunswick/New Brunswick,-1.70,Column9,-7.70
Terre-Neuve-et-Labrador/Newfoundland & Labrador,-3.60,Column9,-8.30
Territoires du Nord-Ouest/Northwest Territories,-0.40,Column9,-1.20
Nouvelle-Écosse/Nova Scotia,-0.60,Column9,-1.60
Nunavut/Nunavut,-0.90,Column9,-2.40
Ontario/Ontario,-2.10,Column9,-5.70
Île-du-Prince-Édouard/Prince Edward Island,-1.20,Column9,-3.80
Québec/Quebec,-2.30,Column9,-6.20
Saskatchewan/Saskatchewan,-1.40,Column9,-4.50
Yukon/Yukon Territory,-2.80,Column9,-8.20
25e centile/25th percentile,RCP2.6,Column9,
,2016-2035,Column9,2046-2065
Canada/Canada,-3.00,Column9,-7.50
Alberta/Alberta,-4.70,Column9,-9.20
Colombie-Britannique/British Columbia,-10.10,Column9,-25.90
Manitoba/Manitoba,-2.90,Column9,-5.70
Nouveau-Brunswick/New Brunswick,-2.90,Column9,-9.90
Terre-Neuve-et-Labrador/Newfoundland & Labrador,-6.00,Column9,-11.90
Territoires du Nord-Ouest/Northwest Territories,-1.70,Column9,-3.30
Nouvelle-Écosse/Nova Scotia,-1.10,Column9,-2.60
Nunavut/Nunavut,-4.50,Column9,-11.90
Ontario/Ontario,-3.50,Column9,-8.70
Île-du-Prince-Édouard/Prince Edward Island,-2.40,Column9,-7.90
Québec/Quebec,-4.10,Column9,-8.80
Saskatchewan/Saskatchewan,-3.40,Column9,-6.60
Yukon/Yukon Territory,-5.70,Column9,-11.60
75e centile/75th percentile,RCP2.6,Column9,
,2016-2035,Column9,2046-2065
Canada/Canada,0.20,Column9,-0.80
Alberta/Alberta,-0.50,Column9,-3.80
Colombie-Britannique/British Columbia,-3.20,Column9,-11.90
Manitoba/Manitoba,0.10,Column9,-2.20
Nouveau-Brunswick/New Brunswick,0.20,Column9,-5.50
Terre-Neuve-et-Labrador/Newfoundland & Labrador,-1.20,Column9,-4.80
Territoires du Nord-Ouest/Northwest Territories,1.10,Column9,0.60
Nouvelle-Écosse/Nova Scotia,0.00,Column9,-1.00
Nunavut/Nunavut,1.80,Column9,2.30
Ontario/Ontario,-0.40,Column9,-3.20
Île-du-Prince-Édouard/Prince Edward Island,-0.50,Column9,-2.20
Québec/Quebec,-0.50,Column9,-3.20
Saskatchewan/Saskatchewan,-0.10,Column9,-2.70
Yukon/Yukon Territory,0.30,Column9,-3.40
50e centile/50th percentile,RCP2.6,Column9,
,2016-2035,Column9,2046-2065
Canada/Canada,-1.38,Column9,-3.15
Alberta/Alberta,-2.69,Column9,-5.62
Colombie-Britannique/British Columbia,-8.87,Column9,-19.85
Manitoba/Manitoba,-2.11,Column9,-4.15
Nouveau-Brunswick/New Brunswick,-1.34,Column9,-6.61
Terre-Neuve-et-Labrador/Newfoundland & Labrador,-4.64,Column9,-11.64
Territoires du Nord-Ouest/Northwest Territories,-1.62,Column9,-2.64
Nouvelle-Écosse/Nova Scotia,-0.10,Column9,-0.46
Nunavut/Nunavut,-0.98,Column9,-2.53
Ontario/Ontario,-2.43,Column9,-5.69
Île-du-Prince-Édouard/Prince Edward Island,-0.38,Column9,-1.54
Québec/Quebec,-3.24,Column9,-8.72
Saskatchewan/Saskatchewan,-1.85,Column9,-3.74
Yukon/Yukon Territory,-4.95,Column9,-10.95
25e centile/25th percentile,RCP2.6,Column9,
,2016-2035,Column9,2046-2065
Canada/Canada,-3.41,Column9,-7.59
Alberta/Alberta,-4.51,Column9,-8.10
Colombie-Britannique/British Columbia,-15.16,Column9,-32.81
Manitoba/Manitoba,-3.92,Column9,-6.13
Nouveau-Brunswick/New Brunswick,-4.10,Column9,-10.55
Terre-Neuve-et-Labrador/Newfoundland & Labrador,-8.32,Column9,-17.67
Territoires du Nord-Ouest/Northwest Territories,-3.34,Column9,-5.53
Nouvelle-Écosse/Nova Scotia,-0.59,Column9,-1.40
Nunavut/Nunavut,-4.81,Column9,-11.86
Ontario/Ontario,-4.12,Column9,-8.13
Île-du-Prince-Édouard/Prince Edward Island,-1.44,Column9,-3.34
Québec/Quebec,-6.23,Column9,-12.16
Saskatchewan/Saskatchewan,-3.32,Column9,-5.90
Yukon/Yukon Territory,-9.83,Column9,-17.20
75e centile/75th percentile,RCP2.6,Column9,
,2016-2035,Column9,2046-2065
Canada/Canada,0.04,Column9,-0.70
Alberta/Alberta,-1.21,Column9,-3.35
Colombie-Britannique/British Columbia,-4.63,Column9,-12.19
Manitoba/Manitoba,-0.58,Column9,-2.13
Nouveau-Brunswick/New Brunswick,-0.31,Column9,-2.25
Terre-Neuve-et-Labrador/Newfoundland & Labrador,-2.04,Column9,-6.44
Territoires du Nord-Ouest/Northwest Territories,0.21,Column9,-0.35
Nouvelle-Écosse/Nova Scotia,0.00,Column9,-0.11
Nunavut/Nunavut,1.73,Column9,2.31
Ontario/Ontario,-0.83,Column9,-2.44
Île-du-Prince-Édouard/Prince Edward Island,-0.10,Column9,-0.45
Québec/Quebec,-0.81,Column9,-4.67
Saskatchewan/Saskatchewan,-0.83,Column9,-2.04
Yukon/Yukon Territory,-1.62,Column9,-5.96
50e centile/50th percentile,RCP2.6,Column9,
,2016-2035,Column9,2046-2065
Canada/Canada,-0.68,Column9,-2.03
Alberta/Alberta,0.00,Column9,0.00
Colombie-Britannique/British Columbia,-0.33,Column9,-0.83
Manitoba/Manitoba,-0.01,Column9,-0.01
Nouveau-Brunswick/New Brunswick,0.00,Column9,0.00
Terre-Neuve-et-Labrador/Newfoundland & Labrador,-0.06,Column9,-0.11
Territoires du Nord-Ouest/Northwest Territories,-0.13,Column9,-0.54
Nouvelle-Écosse/Nova Scotia,0.00,Column9,0.00
Nunavut/Nunavut,-1.97,Column9,-5.70
Ontario/Ontario,0.00,Column9,0.00
Île-du-Prince-Édouard/Prince Edward Island,0.00,Column9,0.00
Québec/Quebec,-0.06,Column9,-0.17
Saskatchewan/Saskatchewan,0.00,Column9,0.00
Yukon/Yukon Territory,-0.52,Column9,-1.69
25e centile/25th percentile,RCP2.6,Column9,
,2016-2035,Column9,2046-2065
Canada/Canada,-2.00,Column9,-5.79
Alberta/Alberta,-0.02,Column9,-0.03
Colombie-Britannique/British Columbia,-1.16,Column9,-2.34
Manitoba/Manitoba,-0.03,Column9,-0.04
Nouveau-Brunswick/New Brunswick,0.00,Column9,0.00
Terre-Neuve-et-Labrador/Newfoundland & Labrador,-0.27,Column9,-0.63
Territoires du Nord-Ouest/Northwest Territories,-0.62,Column9,-1.83
Nouvelle-Écosse/Nova Scotia,0.00,Column9,0.00
Nunavut/Nunavut,-5.64,Column9,-16.05
Ontario/Ontario,-0.01,Column9,-0.01
Île-du-Prince-Édouard/Prince Edward Island,0.00,Column9,0.00
Québec/Quebec,-0.24,Column9,-0.61
Saskatchewan/Saskatchewan,0.00,Column9,0.00
Yukon/Yukon Territory,-2.14,Column9,-4.14
75e centile/75th percentile,RCP2.6,Column9,
,2016-2035,Column9,2046-2065
Canada/Canada,-0.05,Column9,-0.43
Alberta/Alberta,0.00,Column9,0.00
Colombie-Britannique/British Columbia,-0.01,Column9,-0.03
Manitoba/Manitoba,0.00,Column9,0.00
Nouveau-Brunswick/New Brunswick,0.00,Column9,0.00
Terre-Neuve-et-Labrador/Newfoundland & Labrador,0.00,Column9,-0.02
Territoires du Nord-Ouest/Northwest Territories,0.00,Column9,-0.15
Nouvelle-Écosse/Nova Scotia,0.00,Column9,0.00
Nunavut/Nunavut,-0.05,Column9,-1.07
Ontario/Ontario,0.00,Column9,0.00
Île-du-Prince-Édouard/Prince Edward Island,0.00,Column9,0.00
Québec/Quebec,0.00,Column9,-0.04
Saskatchewan/Saskatchewan,0.00,Column9,0.00
Yukon/Yukon Territory,-0.09,Column9,-0.22
50e centile/50th percentile,RCP2.6,Column9,
,2016-2035,Column9,2046-2065
Canada/Canada,-0.81,Column9,-2.37
Alberta/Alberta,-0.45,Column9,-1.09
Colombie-Britannique/British Columbia,-1.16,Column9,-3.33
Manitoba/Manitoba,-0.51,Column9,-1.27
Nouveau-Brunswick/New Brunswick,-0.19,Column9,-0.43
Terre-Neuve-et-Labrador/Newfoundland & Labrador,-0.56,Column9,-1.76
Territoires du Nord-Ouest/Northwest Territories,-0.62,Column9,-2.08
Nouvelle-Écosse/Nova Scotia,-0.02,Column9,-0.03
Nunavut/Nunavut,-1.95,Column9,-5.60
Ontario/Ontario,-0.44,Column9,-1.13
Île-du-Prince-Édouard/Prince Edward Island,-0.03,Column9,-0.05
Québec/Quebec,-0.74,Column9,-2.00
Saskatchewan/Saskatchewan,-0.43,Column9,-0.97
Yukon/Yukon Territory,-1.54,Column9,-4.37
25e centile/25th percentile,RCP2.6,Column9,
,2016-2035,Column9,2046-2065
Canada/Canada,-2.12,Column9,-6.08
Alberta/Alberta,-0.83,Column9,-1.56
Colombie-Britannique/British Columbia,-2.17,Column9,-4.97
Manitoba/Manitoba,-0.93,Column9,-1.99
Nouveau-Brunswick/New Brunswick,-0.38,Column9,-0.59
Terre-Neuve-et-Labrador/Newfoundland & Labrador,-1.06,Column9,-2.53
Territoires du Nord-Ouest/Northwest Territories,-1.44,Column9,-3.62
Nouvelle-Écosse/Nova Scotia,-0.05,Column9,-0.06
Nunavut/Nunavut,-5.19,Column9,-15.08
Ontario/Ontario,-0.81,Column9,-1.72
Île-du-Prince-Édouard/Prince Edward Island,-0.10,Column9,-0.13
Québec/Quebec,-1.22,Column9,-2.71
Saskatchewan/Saskatchewan,-0.78,Column9,-1.40
Yukon/Yukon Territory,-3.05,Column9,-7.51
75e centile/75th percentile,RCP2.6,Column9,
,2016-2035,Column9,2046-2065
Canada/Canada,-0.08,Column9,-0.73
Alberta/Alberta,-0.21,Column9,-0.66
Colombie-Britannique/British Columbia,-0.43,Column9,-1.83
Manitoba/Manitoba,-0.14,Column9,-0.91
Nouveau-Brunswick/New Brunswick,-0.11,Column9,-0.24
Terre-Neuve-et-Labrador/Newfoundland & Labrador,-0.16,Column9,-1.16
Territoires du Nord-Ouest/Northwest Territories,-0.04,Column9,-1.28
Nouvelle-Écosse/Nova Scotia,0.00,Column9,-0.02
Nunavut/Nunavut,-0.02,Column9,-1.56
Ontario/Ontario,-0.20,Column9,-0.77
Île-du-Prince-Édouard/Prince Edward Island,-0.01,Column9,-0.04
Québec/Quebec,-0.31,Column9,-1.31
Saskatchewan/Saskatchewan,-0.12,Column9,-0.68
Yukon/Yukon Territory,-0.70,Column9,-2.64
50e centile/50th percentile,RCP2.6,Column10,
,2016-2035,Column10,2081-2100
Canada/Canada,-1.00,Column10,-5.52
Alberta/Alberta,-1.31,Column10,-5.33
Colombie-Britannique/British Columbia,-4.14,Column10,-17.64
Manitoba/Manitoba,-0.93,Column10,-4.60
Nouveau-Brunswick/New Brunswick,-0.80,Column10,-5.49
Terre-Neuve-et-Labrador/Newfoundland & Labrador,-2.21,Column10,-9.38
Territoires du Nord-Ouest/Northwest Territories,-0.69,Column10,-3.99
Nouvelle-Écosse/Nova Scotia,-0.19,Column10,-0.78
Nunavut/Nunavut,-1.46,Column10,-8.76
Ontario/Ontario,-1.25,Column10,-5.89
Île-du-Prince-Édouard/Prince Edward Island,-0.41,Column10,-1.90
Québec/Quebec,-1.60,Column10,-7.99
Saskatchewan/Saskatchewan,-0.92,Column10,-4.26
Yukon/Yukon Territory,-2.44,Column10,-13.63
25e centile/25th percentile,RCP2.6,Column10,
,2016-2035,Column10,2081-2100
Canada/Canada,-1.99,Column10,-9.05
Alberta/Alberta,-1.31,Column10,-3.92
Colombie-Britannique/British Columbia,-4.65,Column10,-15.94
Manitoba/Manitoba,-1.22,Column10,-3.69
Nouveau-Brunswick/New Brunswick,-1.12,Column10,-3.70
Terre-Neuve-et-Labrador/Newfoundland & Labrador,-2.44,Column10,-8.04
Territoires du Nord-Ouest/Northwest Territories,-1.44,Column10,-5.23
Nouvelle-Écosse/Nova Scotia,-0.16,Column10,-0.48
Nunavut/Nunavut,-4.45,Column10,-21.38
Ontario/Ontario,-1.24,Column10,-4.01
Île-du-Prince-Édouard/Prince Edward Island,-0.39,Column10,-1.10
Québec/Quebec,-1.95,Column10,-6.43
Saskatchewan/Saskatchewan,-1.01,Column10,-2.99
Yukon/Yukon Territory,-3.77,Column10,-14.84
75e centile/75th percentile,RCP2.6,Column10,
,2016-2035,Column10,2081-2100
Canada/Canada,-0.02,Column10,-1.28
Alberta/Alberta,-0.36,Column10,-1.78
Colombie-Britannique/British Columbia,-1.27,Column10,-5.89
Manitoba/Manitoba,-0.18,Column10,-1.82
Nouveau-Brunswick/New Brunswick,-0.10,Column10,-0.84
Terre-Neuve-et-Labrador/Newfoundland & Labrador,-0.55,Column10,-3.51
Territoires du Nord-Ouest/Northwest Territories,0.05,Column10,-1.63
Nouvelle-Écosse/Nova Scotia,0.00,Column10,-0.04
Nunavut/Nunavut,0.42,Column10,-1.31
Ontario/Ontario,-0.26,Column10,-1.95
Île-du-Prince-Édouard/Prince Edward Island,-0.03,Column10,-0.14
Québec/Quebec,-0.28,Column10,-2.86
Saskatchewan/Saskatchewan,-0.24,Column10,-1.51
Yukon/Yukon Territory,-0.60,Column10,-4.38
50e centile/50th percentile,RCP2.6,Column10,
,2016-2035,Column10,2081-2100
Canada/Canada,-1.20,Column10,-6.50
Alberta/Alberta,-2.10,Column10,-10.70
Colombie-Britannique/British Columbia,-6.20,Column10,-30.20
Manitoba/Manitoba,-1.10,Column10,-8.10
Nouveau-Brunswick/New Brunswick,-1.70,Column10,-12.20
Terre-Neuve-et-Labrador/Newfoundland & Labrador,-3.60,Column10,-15.80
Territoires du Nord-Ouest/Northwest Territories,-0.40,Column10,-3.90
Nouvelle-Écosse/Nova Scotia,-0.60,Column10,-2.40
Nunavut/Nunavut,-0.90,Column10,-6.00
Ontario/Ontario,-2.10,Column10,-11.60
Île-du-Prince-Édouard/Prince Edward Island,-1.20,Column10,-5.40
Québec/Quebec,-2.30,Column10,-13.00
Saskatchewan/Saskatchewan,-1.40,Column10,-8.60
Yukon/Yukon Territory,-2.80,Column10,-17.40
25e centile/25th percentile,RCP2.6,Column10,
,2016-2035,Column10,2081-2100
Canada/Canada,-3.00,Column10,-13.80
Alberta/Alberta,-4.70,Column10,-14.60
Colombie-Britannique/British Columbia,-10.10,Column10,-43.10
Manitoba/Manitoba,-2.90,Column10,-11.70
Nouveau-Brunswick/New Brunswick,-2.90,Column10,-15.30
Terre-Neuve-et-Labrador/Newfoundland & Labrador,-6.00,Column10,-19.60
Territoires du Nord-Ouest/Northwest Territories,-1.70,Column10,-8.20
Nouvelle-Écosse/Nova Scotia,-1.10,Column10,-3.60
Nunavut/Nunavut,-4.50,Column10,-23.20
Ontario/Ontario,-3.50,Column10,-15.50
Île-du-Prince-Édouard/Prince Edward Island,-2.40,Column10,-9.30
Québec/Quebec,-4.10,Column10,-17.10
Saskatchewan/Saskatchewan,-3.40,Column10,-12.20
Yukon/Yukon Territory,-5.70,Column10,-26.40
75e centile/75th percentile,RCP2.6,Column10,
,2016-2035,Column10,2081-2100
Canada/Canada,0.20,Column10,-2.50
Alberta/Alberta,-0.50,Column10,-7.80
Colombie-Britannique/British Columbia,-3.20,Column10,-19.30
Manitoba/Manitoba,0.10,Column10,-5.80
Nouveau-Brunswick/New Brunswick,0.20,Column10,-8.30
Terre-Neuve-et-Labrador/Newfoundland & Labrador,-1.20,Column10,-11.60
Territoires du Nord-Ouest/Northwest Territories,1.10,Column10,-1.00
Nouvelle-Écosse/Nova Scotia,0.00,Column10,-1.30
Nunavut/Nunavut,1.80,Column10,0.80
Ontario/Ontario,-0.40,Column10,-8.20
Île-du-Prince-Édouard/Prince Edward Island,-0.50,Column10,-3.00
Québec/Quebec,-0.50,Column10,-8.80
Saskatchewan/Saskatchewan,-0.10,Column10,-6.10
Yukon/Yukon Territory,0.30,Column10,-7.90
50e centile/50th percentile,RCP2.6,Column10,
,2016-2035,Column10,2081-2100
Canada/Canada,-1.38,Column10,-6.21
Alberta/Alberta,-2.69,Column10,-9.17
Colombie-Britannique/British Columbia,-8.87,Column10,-34.29
Manitoba/Manitoba,-2.11,Column10,-8.22
Nouveau-Brunswick/New Brunswick,-1.34,Column10,-9.22
Terre-Neuve-et-Labrador/Newfoundland & Labrador,-4.64,Column10,-19.01
Territoires du Nord-Ouest/Northwest Territories,-1.62,Column10,-7.12
Nouvelle-Écosse/Nova Scotia,-0.10,Column10,-0.62
Nunavut/Nunavut,-0.98,Column10,-5.15
Ontario/Ontario,-2.43,Column10,-10.34
Île-du-Prince-Édouard/Prince Edward Island,-0.38,Column10,-2.15
Québec/Quebec,-3.24,Column10,-15.51
Saskatchewan/Saskatchewan,-1.85,Column10,-6.83
Yukon/Yukon Territory,-4.95,Column10,-27.48
25e centile/25th percentile,RCP2.6,Column10,
,2016-2035,Column10,2081-2100
Canada/Canada,-3.41,Column10,-13.58
Alberta/Alberta,-4.51,Column10,-13.16
Colombie-Britannique/British Columbia,-15.16,Column10,-52.65
Manitoba/Manitoba,-3.92,Column10,-11.64
Nouveau-Brunswick/New Brunswick,-4.10,Column10,-13.88
Terre-Neuve-et-Labrador/Newfoundland & Labrador,-8.32,Column10,-27.44
Territoires du Nord-Ouest/Northwest Territories,-3.34,Column10,-12.02
Nouvelle-Écosse/Nova Scotia,-0.59,Column10,-1.81
Nunavut/Nunavut,-4.81,Column10,-21.44
Ontario/Ontario,-4.12,Column10,-13.53
Île-du-Prince-Édouard/Prince Edward Island,-1.44,Column10,-4.18
Québec/Quebec,-6.23,Column10,-20.73
Saskatchewan/Saskatchewan,-3.32,Column10,-9.74
Yukon/Yukon Territory,-9.83,Column10,-39.78
75e centile/75th percentile,RCP2.6,Column10,
,2016-2035,Column10,2081-2100
Canada/Canada,0.04,Column10,-2.14
Alberta/Alberta,-1.21,Column10,-6.08
Colombie-Britannique/British Columbia,-4.63,Column10,-20.45
Manitoba/Manitoba,-0.58,Column10,-5.83
Nouveau-Brunswick/New Brunswick,-0.31,Column10,-2.98
Terre-Neuve-et-Labrador/Newfoundland & Labrador,-2.04,Column10,-11.99
Territoires du Nord-Ouest/Northwest Territories,0.21,Column10,-3.43
Nouvelle-Écosse/Nova Scotia,0.00,Column10,-0.13
Nunavut/Nunavut,1.73,Column10,1.51
Ontario/Ontario,-0.83,Column10,-6.65
Île-du-Prince-Édouard/Prince Edward Island,-0.10,Column10,-0.49
Québec/Quebec,-0.81,Column10,-9.15
Saskatchewan/Saskatchewan,-0.83,Column10,-4.94
Yukon/Yukon Territory,-1.62,Column10,-12.98
50e centile/50th percentile,RCP2.6,Column10,
,2016-2035,Column10,2081-2100
Canada/Canada,-0.68,Column10,-4.35
Alberta/Alberta,0.00,Column10,0.00
Colombie-Britannique/British Columbia,-0.33,Column10,-1.01
Manitoba/Manitoba,-0.01,Column10,-0.01
Nouveau-Brunswick/New Brunswick,0.00,Column10,0.00
Terre-Neuve-et-Labrador/Newfoundland & Labrador,-0.06,Column10,-0.14
Territoires du Nord-Ouest/Northwest Territories,-0.13,Column10,-0.89
Nouvelle-Écosse/Nova Scotia,0.00,Column10,0.00
Nunavut/Nunavut,-1.97,Column10,-11.67
Ontario/Ontario,0.00,Column10,0.00
Île-du-Prince-Édouard/Prince Edward Island,0.00,Column10,0.00
Québec/Quebec,-0.06,Column10,-0.22
Saskatchewan/Saskatchewan,0.00,Column10,0.00
Yukon/Yukon Territory,-0.52,Column10,-2.78
25e centile/25th percentile,RCP2.6,Column10,
,2016-2035,Column10,2081-2100
Canada/Canada,-2.00,Column10,-10.88
Alberta/Alberta,-0.02,Column10,-0.03
Colombie-Britannique/British Columbia,-1.16,Column10,-3.00
Manitoba/Manitoba,-0.03,Column10,-0.04
Nouveau-Brunswick/New Brunswick,0.00,Column10,0.00
Terre-Neuve-et-Labrador/Newfoundland & Labrador,-0.27,Column10,-0.86
Territoires du Nord-Ouest/Northwest Territories,-0.62,Column10,-2.46
Nouvelle-Écosse/Nova Scotia,0.00,Column10,0.00
Nunavut/Nunavut,-5.64,Column10,-32.04
Ontario/Ontario,-0.01,Column10,-0.01
Île-du-Prince-Édouard/Prince Edward Island,0.00,Column10,0.00
Québec/Quebec,-0.24,Column10,-0.77
Saskatchewan/Saskatchewan,0.00,Column10,0.00
Yukon/Yukon Territory,-2.14,Column10,-6.57
75e centile/75th percentile,RCP2.6,Column10,
,2016-2035,Column10,2081-2100
Canada/Canada,-0.05,Column10,-1.14
Alberta/Alberta,0.00,Column10,0.00
Colombie-Britannique/British Columbia,-0.01,Column10,-0.03
Manitoba/Manitoba,0.00,Column10,0.00
Nouveau-Brunswick/New Brunswick,0.00,Column10,0.00
Terre-Neuve-et-Labrador/Newfoundland & Labrador,0.00,Column10,-0.03
Territoires du Nord-Ouest/Northwest Territories,0.00,Column10,-0.26
Nouvelle-Écosse/Nova Scotia,0.00,Column10,0.00
Nunavut/Nunavut,-0.05,Column10,-2.47
Ontario/Ontario,0.00,Column10,0.00
Île-du-Prince-Édouard/Prince Edward Island,0.00,Column10,0.00
Québec/Quebec,0.00,Column10,-0.05
Saskatchewan/Saskatchewan,0.00,Column10,0.00
Yukon/Yukon Territory,-0.09,Column10,-0.24
50e centile/50th percentile,RCP2.6,Column10,
,2016-2035,Column10,2081-2100
Canada/Canada,-0.81,Column10,-5.06
Alberta/Alberta,-0.45,Column10,-1.47
Colombie-Britannique/British Columbia,-1.16,Column10,-5.07
Manitoba/Manitoba,-0.51,Column10,-2.04
Nouveau-Brunswick/New Brunswick,-0.19,Column10,-0.51
Terre-Neuve-et-Labrador/Newfoundland & Labrador,-0.56,Column10,-2.62
Territoires du Nord-Ouest/Northwest Territories,-0.62,Column10,-4.06
Nouvelle-Écosse/Nova Scotia,-0.02,Column10,-0.04
Nunavut/Nunavut,-1.95,Column10,-12.18
Ontario/Ontario,-0.44,Column10,-1.65
Île-du-Prince-Édouard/Prince Edward Island,-0.03,Column10,-0.08
Québec/Quebec,-0.74,Column10,-3.19
Saskatchewan/Saskatchewan,-0.43,Column10,-1.58
Yukon/Yukon Territory,-1.54,Column10,-6.87
25e centile/25th percentile,RCP2.6,Column10,
,2016-2035,Column10,2081-2100
Canada/Canada,-2.12,Column10,-11.62
Alberta/Alberta,-0.83,Column10,-2.33
Colombie-Britannique/British Columbia,-2.17,Column10,-7.66
Manitoba/Manitoba,-0.93,Column10,-2.95
Nouveau-Brunswick/New Brunswick,-0.38,Column10,-0.77
Terre-Neuve-et-Labrador/Newfoundland & Labrador,-1.06,Column10,-3.69
Territoires du Nord-Ouest/Northwest Territories,-1.44,Column10,-6.35
Nouvelle-Écosse/Nova Scotia,-0.05,Column10,-0.08
Nunavut/Nunavut,-5.19,Column10,-31.79
Ontario/Ontario,-0.81,Column10,-2.36
Île-du-Prince-Édouard/Prince Edward Island,-0.10,Column10,-0.13
Québec/Quebec,-1.22,Column10,-4.04
Saskatchewan/Saskatchewan,-0.78,Column10,-2.10
Yukon/Yukon Territory,-3.05,Column10,-12.75
75e centile/75th percentile,RCP2.6,Column10,
,2016-2035,Column10,2081-2100
Canada/Canada,-0.08,Column10,-1.82
Alberta/Alberta,-0.21,Column10,-0.98
Colombie-Britannique/British Columbia,-0.43,Column10,-2.89
Manitoba/Manitoba,-0.14,Column10,-1.38
Nouveau-Brunswick/New Brunswick,-0.11,Column10,-0.30
Terre-Neuve-et-Labrador/Newfoundland & Labrador,-0.16,Column10,-1.89
Territoires du Nord-Ouest/Northwest Territories,-0.04,Column10,-2.82
Nouvelle-Écosse/Nova Scotia,0.00,Column10,-0.02
Nunavut/Nunavut,-0.02,Column10,-4.28
Ontario/Ontario,-0.20,Column10,-1.08
Île-du-Prince-Édouard/Prince Edward Island,-0.01,Column10,-0.05
Québec/Quebec,-0.31,Column10,-2.15
Saskatchewan/Saskatchewan,-0.12,Column10,-1.06
Yukon/Yukon Territory,-0.70,Column10,-4.23
